{
    "total_runtime": 407.8571276664734,
    "num_documents": 64,
    "input_load_time": 0,
    "workflows": {
        "create_base_text_units": {
            "overall": 2.714688301086426,
            "0_orderby": 0.004122018814086914,
            "1_zip": 0.004694223403930664,
            "2_aggregate_override": 0.007950544357299805,
            "3_chunk": 2.627864122390747,
            "4_select": 0.0077898502349853516,
            "5_unroll": 0.005201816558837891,
            "6_rename": 0.003600597381591797,
            "7_genid": 0.0044422149658203125,
            "8_unzip": 0.00458073616027832,
            "9_copy": 0.0039370059967041016,
            "10_filter": 0.03706550598144531
        },
        "create_base_extracted_entities": {
            "overall": 14.719166278839111,
            "0_entity_extract": 14.655303955078125,
            "1_snapshot": 0.010419607162475586,
            "2_merge_graphs": 0.04163861274719238,
            "3_snapshot_rows": 0.007078409194946289
        },
        "create_final_covariates": {
            "overall": 16.78775119781494,
            "0_extract_covariates": 16.72212529182434,
            "1_window": 0.007356882095336914,
            "2_genid": 0.007118701934814453,
            "3_convert": 0.027141809463500977,
            "4_rename": 0.007688999176025391,
            "5_select": 0.007965803146362305
        },
        "create_summarized_entities": {
            "overall": 0.08571600914001465,
            "0_summarize_descriptions": 0.06998825073242188,
            "1_snapshot_rows": 0.008362770080566406
        },
        "join_text_units_to_covariate_ids": {
            "overall": 0.04767346382141113,
            "0_select": 0.008920907974243164,
            "1_aggregate_override": 0.03061509132385254
        },
        "create_base_entity_graph": {
            "overall": 0.1182565689086914,
            "0_cluster_graph": 0.0768122673034668,
            "1_snapshot_rows": 0.011284589767456055,
            "2_snapshot_rows": 0.011017084121704102,
            "3_select": 0.010508060455322266
        },
        "create_final_entities": {
            "overall": 0.3810999393463135,
            "0_unpack_graph": 0.03685617446899414,
            "1_rename": 0.010910511016845703,
            "2_select": 0.013255596160888672,
            "3_dedupe": 0.011531352996826172,
            "4_rename": 0.011312484741210938,
            "5_filter": 0.027725934982299805,
            "6_text_split": 0.013581037521362305,
            "7_drop": 0.011924505233764648,
            "8_merge": 0.04104423522949219,
            "9_text_embed": 0.1458885669708252,
            "10_drop": 0.014008760452270508,
            "11_filter": 0.030770301818847656
        },
        "create_final_nodes": {
            "overall": 0.42673301696777344,
            "0_layout_graph": 0.14145398139953613,
            "1_unpack_graph": 0.03869342803955078,
            "2_unpack_graph": 0.03731036186218262,
            "3_filter": 0.03521537780761719,
            "4_drop": 0.014328479766845703,
            "5_select": 0.014474630355834961,
            "6_snapshot": 0.015047311782836914,
            "7_rename": 0.014519691467285156,
            "8_convert": 0.057152509689331055,
            "9_join": 0.02157759666442871,
            "10_rename": 0.015437841415405273
        },
        "create_final_communities": {
            "overall": 0.4527263641357422,
            "0_unpack_graph": 0.03826117515563965,
            "1_unpack_graph": 0.057028770446777344,
            "2_aggregate_override": 0.0198822021484375,
            "3_join": 0.025094270706176758,
            "4_join": 0.02404308319091797,
            "5_concat": 0.017650127410888672,
            "6_filter": 0.07425332069396973,
            "7_aggregate_override": 0.025106430053710938,
            "8_join": 0.023900985717773438,
            "9_filter": 0.04263925552368164,
            "10_fill": 0.019060134887695312,
            "11_merge": 0.03093576431274414,
            "12_copy": 0.0196835994720459,
            "13_select": 0.01923370361328125
        },
        "join_text_units_to_entity_ids": {
            "overall": 0.08740711212158203,
            "0_select": 0.020320653915405273,
            "1_unroll": 0.02187061309814453,
            "2_aggregate_override": 0.024232864379882812
        },
        "create_final_relationships": {
            "overall": 0.3621642589569092,
            "0_unpack_graph": 0.07298755645751953,
            "1_filter": 0.06900453567504883,
            "2_rename": 0.02146124839782715,
            "3_filter": 0.051727294921875,
            "4_drop": 0.021740436553955078,
            "5_compute_edge_combined_degree": 0.025629043579101562,
            "6_convert": 0.04403090476989746,
            "7_convert": 0.022022724151611328
        },
        "join_text_units_to_relationship_ids": {
            "overall": 0.1235041618347168,
            "0_select": 0.023376941680908203,
            "1_unroll": 0.025052547454833984,
            "2_aggregate_override": 0.027925729751586914,
            "3_select": 0.02421712875366211
        },
        "create_final_community_reports": {
            "overall": 366.29699873924255,
            "0_prepare_community_reports_nodes": 0.04518246650695801,
            "1_prepare_community_reports_edges": 0.04111337661743164,
            "2_prepare_community_reports_claims": 0.026890993118286133,
            "3_restore_community_hierarchy": 0.033795833587646484,
            "4_prepare_community_reports": 0.26717352867126465,
            "5_create_community_reports": 365.7996528148651,
            "6_window": 0.0448298454284668
        },
        "create_final_text_units": {
            "overall": 0.24914288520812988,
            "0_select": 0.02753472328186035,
            "1_rename": 0.027732372283935547,
            "2_join": 0.03441596031188965,
            "3_join": 0.03307080268859863,
            "4_join": 0.034239768981933594,
            "5_aggregate_override": 0.03352713584899902,
            "6_select": 0.030695438385009766
        },
        "create_base_documents": {
            "overall": 0.39513182640075684,
            "0_unroll": 0.032743215560913086,
            "1_select": 0.03245210647583008,
            "2_rename": 0.030293941497802734,
            "3_join": 0.03742575645446777,
            "4_aggregate_override": 0.03571629524230957,
            "5_join": 0.06545162200927734,
            "6_rename": 0.03059220314025879,
            "7_convert": 0.09862303733825684
        },
        "create_final_documents": {
            "overall": 0.07310223579406738,
            "0_rename": 0.03667807579040527
        }
    }
}