{
    "total_runtime": 423.44053626060486,
    "num_documents": 64,
    "input_load_time": 0,
    "workflows": {
        "create_base_text_units": {
            "overall": 4.642966270446777,
            "0_orderby": 0.00258636474609375,
            "1_zip": 0.003004789352416992,
            "2_aggregate_override": 0.005759716033935547,
            "3_chunk": 4.5913987159729,
            "4_select": 0.003572225570678711,
            "5_unroll": 0.004973173141479492,
            "6_rename": 0.0035288333892822266,
            "7_genid": 0.0043108463287353516,
            "8_unzip": 0.004598855972290039,
            "9_copy": 0.0038604736328125,
            "10_filter": 0.01319265365600586
        },
        "create_base_extracted_entities": {
            "overall": 91.60637784004211,
            "0_entity_extract": 91.50662040710449,
            "1_snapshot": 0.023243427276611328,
            "2_merge_graphs": 0.06386399269104004,
            "3_snapshot_rows": 0.007939577102661133
        },
        "create_final_covariates": {
            "overall": 35.02351665496826,
            "0_extract_covariates": 34.949557065963745,
            "1_window": 0.0111236572265625,
            "2_genid": 0.010581016540527344,
            "3_convert": 0.022004365921020508,
            "4_rename": 0.011306047439575195,
            "5_select": 0.011739969253540039
        },
        "create_summarized_entities": {
            "overall": 40.401280879974365,
            "0_summarize_descriptions": 40.377052783966064,
            "1_snapshot_rows": 0.015103578567504883
        },
        "join_text_units_to_covariate_ids": {
            "overall": 0.03821611404418945,
            "0_select": 0.011478185653686523,
            "1_aggregate_override": 0.016360759735107422
        },
        "create_base_entity_graph": {
            "overall": 0.12952446937561035,
            "0_cluster_graph": 0.0681467056274414,
            "1_snapshot_rows": 0.01342320442199707,
            "2_snapshot_rows": 0.01704263687133789,
            "3_select": 0.014627933502197266
        },
        "create_final_entities": {
            "overall": 1.6594488620758057,
            "0_unpack_graph": 0.024490833282470703,
            "1_rename": 0.011106252670288086,
            "2_select": 0.011350154876708984,
            "3_dedupe": 0.011769294738769531,
            "4_rename": 0.011786937713623047,
            "5_filter": 0.027314186096191406,
            "6_text_split": 0.01361846923828125,
            "7_drop": 0.012485504150390625,
            "8_merge": 0.029062747955322266,
            "9_text_embed": 1.4427969455718994,
            "10_drop": 0.016470670700073242,
            "11_filter": 0.03679251670837402
        },
        "create_final_nodes": {
            "overall": 0.3224806785583496,
            "0_layout_graph": 0.06070542335510254,
            "1_unpack_graph": 0.028906583786010742,
            "2_unpack_graph": 0.030436992645263672,
            "3_drop": 0.015254974365234375,
            "4_filter": 0.03384256362915039,
            "5_select": 0.015664339065551758,
            "6_snapshot": 0.01668834686279297,
            "7_rename": 0.01609182357788086,
            "8_convert": 0.05024290084838867,
            "9_join": 0.0239412784576416,
            "10_rename": 0.016903400421142578
        },
        "create_final_communities": {
            "overall": 0.4363696575164795,
            "0_unpack_graph": 0.04376721382141113,
            "1_unpack_graph": 0.029703378677368164,
            "2_aggregate_override": 0.01899886131286621,
            "3_join": 0.023764610290527344,
            "4_join": 0.05272173881530762,
            "5_concat": 0.01794266700744629,
            "6_filter": 0.056282997131347656,
            "7_aggregate_override": 0.022983312606811523,
            "8_join": 0.02399587631225586,
            "9_filter": 0.04180026054382324,
            "10_fill": 0.019004106521606445,
            "11_merge": 0.023764610290527344,
            "12_copy": 0.019013166427612305,
            "13_select": 0.019500017166137695
        },
        "join_text_units_to_entity_ids": {
            "overall": 0.08835053443908691,
            "0_select": 0.020839214324951172,
            "1_unroll": 0.022167444229125977,
            "2_aggregate_override": 0.02531719207763672
        },
        "create_final_relationships": {
            "overall": 0.4045100212097168,
            "0_unpack_graph": 0.04394817352294922,
            "1_filter": 0.045961856842041016,
            "2_rename": 0.021515607833862305,
            "3_filter": 0.14012718200683594,
            "4_drop": 0.02284836769104004,
            "5_compute_edge_combined_degree": 0.02910161018371582,
            "6_convert": 0.0463101863861084,
            "7_convert": 0.02336907386779785
        },
        "join_text_units_to_relationship_ids": {
            "overall": 0.1249241828918457,
            "0_select": 0.02378368377685547,
            "1_unroll": 0.02534317970275879,
            "2_aggregate_override": 0.027753829956054688,
            "3_select": 0.024715423583984375
        },
        "create_final_community_reports": {
            "overall": 243.42362594604492,
            "0_prepare_community_reports_nodes": 0.032866716384887695,
            "1_prepare_community_reports_edges": 0.034097909927368164,
            "2_prepare_community_reports_claims": 0.044008493423461914,
            "3_restore_community_hierarchy": 0.0562589168548584,
            "4_prepare_community_reports": 0.18883538246154785,
            "5_create_community_reports": 243.01033067703247,
            "6_window": 0.027563095092773438
        },
        "create_final_text_units": {
            "overall": 0.2362985610961914,
            "0_select": 0.026636362075805664,
            "1_rename": 0.026428937911987305,
            "2_join": 0.03235197067260742,
            "3_join": 0.03255605697631836,
            "4_join": 0.03342294692993164,
            "5_aggregate_override": 0.03085184097290039,
            "6_select": 0.02788376808166504
        },
        "create_base_documents": {
            "overall": 0.3750596046447754,
            "0_unroll": 0.038344383239746094,
            "1_select": 0.037207603454589844,
            "2_rename": 0.03658127784729004,
            "3_join": 0.035112619400024414,
            "4_aggregate_override": 0.03262042999267578,
            "5_join": 0.03625607490539551,
            "6_rename": 0.03104853630065918,
            "7_convert": 0.09191274642944336
        },
        "create_final_documents": {
            "overall": 0.0621027946472168,
            "0_rename": 0.030634164810180664
        }
    }
}