{
    "total_runtime": 2813.7203266620636,
    "num_documents": 75,
    "input_load_time": 0,
    "workflows": {
        "create_base_text_units": {
            "overall": 2.6610848903656006,
            "0_orderby": 0.0026025772094726562,
            "1_zip": 0.02219247817993164,
            "2_aggregate_override": 0.00829625129699707,
            "3_chunk": 2.541271924972534,
            "4_select": 0.0034325122833251953,
            "5_unroll": 0.020690441131591797,
            "6_rename": 0.0036470890045166016,
            "7_genid": 0.004259586334228516,
            "8_unzip": 0.004467010498046875,
            "9_copy": 0.0037450790405273438,
            "10_filter": 0.044378042221069336
        },
        "create_base_extracted_entities": {
            "overall": 956.8172976970673,
            "0_entity_extract": 956.7169966697693,
            "1_snapshot": 0.014414072036743164,
            "2_merge_graphs": 0.07078909873962402,
            "3_snapshot_rows": 0.010402441024780273
        },
        "create_final_covariates": {
            "overall": 686.3554537296295,
            "0_extract_covariates": 686.286046743393,
            "1_window": 0.008765220642089844,
            "2_genid": 0.008278369903564453,
            "3_convert": 0.025691747665405273,
            "4_rename": 0.008699178695678711,
            "5_select": 0.009057044982910156
        },
        "create_summarized_entities": {
            "overall": 487.58258509635925,
            "0_summarize_descriptions": 487.56397223472595,
            "1_snapshot_rows": 0.009892463684082031
        },
        "join_text_units_to_covariate_ids": {
            "overall": 0.047049760818481445,
            "0_select": 0.00843191146850586,
            "1_aggregate_override": 0.030857563018798828
        },
        "create_base_entity_graph": {
            "overall": 0.1408240795135498,
            "0_cluster_graph": 0.0804281234741211,
            "1_snapshot_rows": 0.029672861099243164,
            "2_snapshot_rows": 0.011387348175048828,
            "3_select": 0.01052546501159668
        },
        "create_final_entities": {
            "overall": 7.687306642532349,
            "0_unpack_graph": 0.031332969665527344,
            "1_rename": 0.012377738952636719,
            "2_select": 0.012487411499023438,
            "3_dedupe": 0.012714862823486328,
            "4_rename": 0.012764692306518555,
            "5_filter": 0.029270172119140625,
            "6_text_split": 0.014216423034667969,
            "7_drop": 0.016569852828979492,
            "8_merge": 0.028807401657104492,
            "9_text_embed": 7.447362422943115,
            "10_drop": 0.01673579216003418,
            "11_filter": 0.037943124771118164
        },
        "create_final_nodes": {
            "overall": 0.3969714641571045,
            "0_layout_graph": 0.11426615715026855,
            "1_unpack_graph": 0.030264616012573242,
            "2_unpack_graph": 0.030691862106323242,
            "3_filter": 0.03211021423339844,
            "4_drop": 0.014467477798461914,
            "5_select": 0.014875173568725586,
            "6_snapshot": 0.015967845916748047,
            "7_rename": 0.01491403579711914,
            "8_convert": 0.047882795333862305,
            "9_join": 0.0494234561920166,
            "10_rename": 0.015780210494995117
        },
        "create_final_communities": {
            "overall": 0.389249324798584,
            "0_unpack_graph": 0.03744840621948242,
            "1_unpack_graph": 0.03650212287902832,
            "2_aggregate_override": 0.019255399703979492,
            "3_join": 0.02205634117126465,
            "4_join": 0.022402048110961914,
            "5_concat": 0.016523122787475586,
            "6_filter": 0.056650400161743164,
            "7_aggregate_override": 0.021484375,
            "8_join": 0.022498607635498047,
            "9_filter": 0.03940463066101074,
            "10_fill": 0.017599821090698242,
            "11_merge": 0.02201533317565918,
            "12_copy": 0.01809525489807129,
            "13_select": 0.018451213836669922
        },
        "join_text_units_to_entity_ids": {
            "overall": 0.10794472694396973,
            "0_select": 0.023901700973510742,
            "1_unroll": 0.02556014060974121,
            "2_aggregate_override": 0.028343677520751953
        },
        "create_final_relationships": {
            "overall": 0.3030433654785156,
            "0_unpack_graph": 0.04300332069396973,
            "1_filter": 0.04527544975280762,
            "2_rename": 0.02140355110168457,
            "3_filter": 0.04868054389953613,
            "4_drop": 0.02123117446899414,
            "5_compute_edge_combined_degree": 0.02565288543701172,
            "6_convert": 0.044081926345825195,
            "7_convert": 0.021825551986694336
        },
        "join_text_units_to_relationship_ids": {
            "overall": 0.12075304985046387,
            "0_select": 0.023491859436035156,
            "1_unroll": 0.024626493453979492,
            "2_aggregate_override": 0.02702188491821289,
            "3_select": 0.023371219635009766
        },
        "create_final_community_reports": {
            "overall": 665.7288744449615,
            "0_prepare_community_reports_nodes": 0.05555462837219238,
            "1_prepare_community_reports_edges": 0.027991533279418945,
            "2_prepare_community_reports_claims": 0.02685260772705078,
            "3_restore_community_hierarchy": 0.029752254486083984,
            "4_prepare_community_reports": 0.17652416229248047,
            "5_create_community_reports": 665.3462378978729,
            "6_window": 0.042340993881225586
        },
        "create_final_text_units": {
            "overall": 0.23176097869873047,
            "0_select": 0.0291290283203125,
            "1_rename": 0.026400327682495117,
            "2_join": 0.03139376640319824,
            "3_join": 0.031523942947387695,
            "4_join": 0.031458377838134766,
            "5_aggregate_override": 0.028704404830932617,
            "6_select": 0.026969432830810547
        },
        "create_base_documents": {
            "overall": 0.4235992431640625,
            "0_unroll": 0.028767108917236328,
            "1_select": 0.03309297561645508,
            "2_rename": 0.08877778053283691,
            "3_join": 0.03355884552001953,
            "4_aggregate_override": 0.03043055534362793,
            "5_join": 0.06343603134155273,
            "6_rename": 0.02894306182861328,
            "7_convert": 0.08792781829833984
        },
        "create_final_documents": {
            "overall": 0.05851030349731445,
            "0_rename": 0.029329538345336914
        }
    }
}