{
    "total_runtime": 448.76244258880615,
    "num_documents": 65,
    "input_load_time": 0,
    "workflows": {
        "create_base_text_units": {
            "overall": 2.6335761547088623,
            "0_orderby": 0.0025091171264648438,
            "1_zip": 0.0028700828552246094,
            "2_aggregate_override": 0.005563497543334961,
            "3_chunk": 2.5766403675079346,
            "4_select": 0.004357814788818359,
            "5_unroll": 0.00565338134765625,
            "6_rename": 0.00409388542175293,
            "7_genid": 0.005013465881347656,
            "8_unzip": 0.005327939987182617,
            "9_copy": 0.004637956619262695,
            "10_filter": 0.014800786972045898
        },
        "create_base_extracted_entities": {
            "overall": 128.1876504421234,
            "0_entity_extract": 128.12141108512878,
            "1_snapshot": 0.010570526123046875,
            "2_merge_graphs": 0.04389071464538574,
            "3_snapshot_rows": 0.007149696350097656
        },
        "create_final_covariates": {
            "overall": 35.381710052490234,
            "0_extract_covariates": 35.31869888305664,
            "1_window": 0.008852243423461914,
            "2_genid": 0.008224964141845703,
            "3_convert": 0.017098188400268555,
            "4_rename": 0.008983373641967773,
            "5_select": 0.014118194580078125
        },
        "create_summarized_entities": {
            "overall": 36.43804168701172,
            "0_summarize_descriptions": 36.41994857788086,
            "1_snapshot_rows": 0.00938558578491211
        },
        "join_text_units_to_covariate_ids": {
            "overall": 0.030805349349975586,
            "0_select": 0.009231328964233398,
            "1_aggregate_override": 0.01345372200012207
        },
        "create_base_entity_graph": {
            "overall": 0.11107802391052246,
            "0_cluster_graph": 0.060494422912597656,
            "1_snapshot_rows": 0.013480424880981445,
            "2_snapshot_rows": 0.01567554473876953,
            "3_select": 0.012211084365844727
        },
        "create_final_entities": {
            "overall": 2.850719451904297,
            "0_unpack_graph": 0.03906059265136719,
            "1_rename": 0.011948823928833008,
            "2_select": 0.012117624282836914,
            "3_dedupe": 0.011947870254516602,
            "4_rename": 0.01166224479675293,
            "5_filter": 0.027596712112426758,
            "6_text_split": 0.013453483581542969,
            "7_drop": 0.012847900390625,
            "8_merge": 0.02951788902282715,
            "9_text_embed": 2.619457960128784,
            "10_drop": 0.01545262336730957,
            "11_filter": 0.03512692451477051
        },
        "create_final_nodes": {
            "overall": 0.30901288986206055,
            "0_layout_graph": 0.06387686729431152,
            "1_unpack_graph": 0.028371334075927734,
            "2_unpack_graph": 0.02814650535583496,
            "3_filter": 0.030878782272338867,
            "4_drop": 0.014114856719970703,
            "5_select": 0.014393806457519531,
            "6_snapshot": 0.015319347381591797,
            "7_rename": 0.015417098999023438,
            "8_convert": 0.04677081108093262,
            "9_join": 0.02224421501159668,
            "10_rename": 0.016107797622680664
        },
        "create_final_communities": {
            "overall": 0.3911736011505127,
            "0_unpack_graph": 0.031203031539916992,
            "1_unpack_graph": 0.030007362365722656,
            "2_aggregate_override": 0.018696308135986328,
            "3_join": 0.023075342178344727,
            "4_join": 0.02263951301574707,
            "5_concat": 0.017186880111694336,
            "6_filter": 0.05999302864074707,
            "7_aggregate_override": 0.023194313049316406,
            "8_join": 0.023590803146362305,
            "9_filter": 0.040305376052856445,
            "10_fill": 0.018222332000732422,
            "11_merge": 0.023288249969482422,
            "12_copy": 0.01885843276977539,
            "13_select": 0.0246889591217041
        },
        "join_text_units_to_entity_ids": {
            "overall": 0.08670926094055176,
            "0_select": 0.020233154296875,
            "1_unroll": 0.022051572799682617,
            "2_aggregate_override": 0.02468705177307129
        },
        "create_final_relationships": {
            "overall": 0.4094200134277344,
            "0_unpack_graph": 0.038031578063964844,
            "1_filter": 0.04723548889160156,
            "2_rename": 0.02143406867980957,
            "3_filter": 0.052872657775878906,
            "4_drop": 0.023020267486572266,
            "5_compute_edge_combined_degree": 0.03468441963195801,
            "6_convert": 0.1358480453491211,
            "7_convert": 0.03523445129394531
        },
        "join_text_units_to_relationship_ids": {
            "overall": 0.14017319679260254,
            "0_select": 0.034712791442871094,
            "1_unroll": 0.026514291763305664,
            "2_aggregate_override": 0.027683496475219727,
            "3_select": 0.024782657623291016
        },
        "create_final_community_reports": {
            "overall": 236.4687066078186,
            "0_prepare_community_reports_nodes": 0.03200197219848633,
            "1_prepare_community_reports_edges": 0.03265833854675293,
            "2_prepare_community_reports_claims": 21.48398995399475,
            "3_restore_community_hierarchy": 0.03436899185180664,
            "4_prepare_community_reports": 0.17934823036193848,
            "5_create_community_reports": 214.6513204574585,
            "6_window": 0.025531530380249023
        },
        "create_final_text_units": {
            "overall": 0.2642812728881836,
            "0_select": 0.031102895736694336,
            "1_rename": 0.03152012825012207,
            "2_join": 0.037520647048950195,
            "3_join": 0.03705000877380371,
            "4_join": 0.037222862243652344,
            "5_aggregate_override": 0.033026695251464844,
            "6_select": 0.02638387680053711
        },
        "create_base_documents": {
            "overall": 0.4495120048522949,
            "0_unroll": 0.03490114212036133,
            "1_select": 0.04030275344848633,
            "2_rename": 0.04240298271179199,
            "3_join": 0.048255205154418945,
            "4_aggregate_override": 0.03918862342834473,
            "5_join": 0.03884243965148926,
            "6_rename": 0.029736995697021484,
            "7_convert": 0.1428079605102539
        },
        "create_final_documents": {
            "overall": 0.057927608489990234,
            "0_rename": 0.029140949249267578
        }
    }
}