{
    "total_runtime": 2544.2283046245575,
    "num_documents": 64,
    "input_load_time": 0,
    "workflows": {
        "create_base_text_units": {
            "overall": 2.790818452835083,
            "0_orderby": 0.0025856494903564453,
            "1_zip": 0.0028760433197021484,
            "2_aggregate_override": 0.0055084228515625,
            "3_chunk": 2.742175579071045,
            "4_select": 0.0034215450286865234,
            "5_unroll": 0.004622220993041992,
            "6_rename": 0.0034027099609375,
            "7_genid": 0.004099369049072266,
            "8_unzip": 0.004286766052246094,
            "9_copy": 0.003732919692993164,
            "10_filter": 0.012045860290527344
        },
        "create_base_extracted_entities": {
            "overall": 809.721563577652,
            "0_entity_extract": 809.6635673046112,
            "1_snapshot": 0.010427236557006836,
            "2_merge_graphs": 0.036720991134643555,
            "3_snapshot_rows": 0.006383657455444336
        },
        "create_final_covariates": {
            "overall": 615.0065789222717,
            "0_extract_covariates": 614.9412548542023,
            "1_window": 0.010274648666381836,
            "2_genid": 0.009594917297363281,
            "3_convert": 0.019974708557128906,
            "4_rename": 0.009485721588134766,
            "5_select": 0.009097576141357422
        },
        "create_summarized_entities": {
            "overall": 402.1967146396637,
            "0_summarize_descriptions": 402.1738233566284,
            "1_snapshot_rows": 0.01338505744934082
        },
        "join_text_units_to_covariate_ids": {
            "overall": 0.028012514114379883,
            "0_select": 0.00822138786315918,
            "1_aggregate_override": 0.012103557586669922
        },
        "create_base_entity_graph": {
            "overall": 0.08785629272460938,
            "0_cluster_graph": 0.048870086669921875,
            "1_snapshot_rows": 0.010701417922973633,
            "2_snapshot_rows": 0.010446310043334961,
            "3_select": 0.009402751922607422
        },
        "create_final_entities": {
            "overall": 2.857573986053467,
            "0_unpack_graph": 0.029630422592163086,
            "1_rename": 0.01256251335144043,
            "2_select": 0.012928962707519531,
            "3_dedupe": 0.013170719146728516,
            "4_rename": 0.012959003448486328,
            "5_filter": 0.030187606811523438,
            "6_text_split": 0.01502084732055664,
            "7_drop": 0.01399993896484375,
            "8_merge": 0.03101372718811035,
            "9_text_embed": 2.6079249382019043,
            "10_drop": 0.020188093185424805,
            "11_filter": 0.04573321342468262
        },
        "create_final_nodes": {
            "overall": 0.2976560592651367,
            "0_layout_graph": 0.05923867225646973,
            "1_unpack_graph": 0.02731633186340332,
            "2_unpack_graph": 0.02707982063293457,
            "3_drop": 0.013577461242675781,
            "4_filter": 0.034440040588378906,
            "5_select": 0.013954639434814453,
            "6_snapshot": 0.014583349227905273,
            "7_rename": 0.014150857925415039,
            "8_join": 0.020301342010498047,
            "9_convert": 0.04541349411010742,
            "10_rename": 0.014861583709716797
        },
        "create_final_communities": {
            "overall": 0.36342763900756836,
            "0_unpack_graph": 0.029359102249145508,
            "1_unpack_graph": 0.028766155242919922,
            "2_aggregate_override": 0.018093347549438477,
            "3_join": 0.022284269332885742,
            "4_join": 0.02207326889038086,
            "5_concat": 0.01667499542236328,
            "6_filter": 0.052367210388183594,
            "7_aggregate_override": 0.0211181640625,
            "8_join": 0.022184371948242188,
            "9_filter": 0.03888416290283203,
            "10_fill": 0.01755666732788086,
            "11_merge": 0.02247309684753418,
            "12_copy": 0.017885208129882812,
            "13_select": 0.01829671859741211
        },
        "join_text_units_to_entity_ids": {
            "overall": 0.08429956436157227,
            "0_select": 0.020034074783325195,
            "1_unroll": 0.020398378372192383,
            "2_aggregate_override": 0.02257990837097168
        },
        "create_final_relationships": {
            "overall": 0.27263927459716797,
            "0_unpack_graph": 0.03334689140319824,
            "1_filter": 0.04323244094848633,
            "2_rename": 0.020211458206176758,
            "3_filter": 0.04617929458618164,
            "4_drop": 0.02062201499938965,
            "5_compute_edge_combined_degree": 0.02674078941345215,
            "6_convert": 0.041748046875,
            "7_convert": 0.020986557006835938
        },
        "join_text_units_to_relationship_ids": {
            "overall": 0.11448884010314941,
            "0_select": 0.021816492080688477,
            "1_unroll": 0.023022174835205078,
            "2_aggregate_override": 0.025572776794433594,
            "3_select": 0.022315502166748047
        },
        "create_final_community_reports": {
            "overall": 705.6841080188751,
            "0_prepare_community_reports_nodes": 0.02605724334716797,
            "1_prepare_community_reports_edges": 0.025129079818725586,
            "2_prepare_community_reports_claims": 0.0247037410736084,
            "3_restore_community_hierarchy": 0.02760934829711914,
            "4_prepare_community_reports": 0.15962576866149902,
            "5_create_community_reports": 705.3594210147858,
            "6_window": 0.03247356414794922
        },
        "create_final_text_units": {
            "overall": 0.2895045280456543,
            "0_select": 0.07228994369506836,
            "1_rename": 0.027681827545166016,
            "2_join": 0.0330805778503418,
            "3_join": 0.03288912773132324,
            "4_join": 0.03311729431152344,
            "5_aggregate_override": 0.029575824737548828,
            "6_select": 0.029926776885986328
        },
        "create_base_documents": {
            "overall": 0.3375093936920166,
            "0_unroll": 0.029766082763671875,
            "1_select": 0.028100252151489258,
            "2_rename": 0.028485774993896484,
            "3_join": 0.037593841552734375,
            "4_aggregate_override": 0.03161001205444336,
            "5_join": 0.034883737564086914,
            "6_rename": 0.03109121322631836,
            "7_convert": 0.08832716941833496
        },
        "create_final_documents": {
            "overall": 0.060266733169555664,
            "0_rename": 0.030530452728271484
        }
    }
}