{
    "total_runtime": 11.275612592697144,
    "num_documents": 63,
    "input_load_time": 0,
    "workflows": {
        "create_base_text_units": {
            "overall": 2.868877649307251,
            "0_orderby": 0.002810955047607422,
            "1_zip": 0.0031261444091796875,
            "2_aggregate_override": 0.006354093551635742,
            "3_chunk": 2.8104231357574463,
            "4_select": 0.006535530090332031,
            "5_unroll": 0.005707263946533203,
            "6_rename": 0.003881216049194336,
            "7_genid": 0.004748821258544922,
            "8_unzip": 0.0050067901611328125,
            "9_copy": 0.004191875457763672,
            "10_filter": 0.013650655746459961
        },
        "create_base_extracted_entities": {
            "overall": 0.20053911209106445,
            "0_entity_extract": 0.1352710723876953,
            "1_snapshot": 0.013420343399047852,
            "2_merge_graphs": 0.04006242752075195,
            "3_snapshot_rows": 0.006957530975341797
        },
        "create_final_covariates": {
            "overall": 0.14571666717529297,
            "0_extract_covariates": 0.06260561943054199,
            "1_window": 0.01316523551940918,
            "2_genid": 0.011595010757446289,
            "3_convert": 0.025806427001953125,
            "4_rename": 0.012676715850830078,
            "5_select": 0.013725042343139648
        },
        "create_summarized_entities": {
            "overall": 0.08298015594482422,
            "0_summarize_descriptions": 0.06595587730407715,
            "1_snapshot_rows": 0.009250879287719727
        },
        "join_text_units_to_covariate_ids": {
            "overall": 0.04695010185241699,
            "0_select": 0.01398921012878418,
            "1_aggregate_override": 0.020108938217163086
        },
        "create_base_entity_graph": {
            "overall": 0.11856675148010254,
            "0_cluster_graph": 0.06099820137023926,
            "1_snapshot_rows": 0.011944055557250977,
            "2_snapshot_rows": 0.018189668655395508,
            "3_select": 0.017266511917114258
        },
        "create_final_entities": {
            "overall": 0.43878817558288574,
            "0_unpack_graph": 0.0427851676940918,
            "1_rename": 0.017472028732299805,
            "2_select": 0.018014907836914062,
            "3_dedupe": 0.01878809928894043,
            "4_rename": 0.01864171028137207,
            "5_filter": 0.04288029670715332,
            "6_text_split": 0.021014928817749023,
            "7_drop": 0.020078182220458984,
            "8_merge": 0.04197812080383301,
            "9_text_embed": 0.13667583465576172,
            "10_drop": 0.013587236404418945,
            "11_filter": 0.030467748641967773
        },
        "create_final_nodes": {
            "overall": 0.4012422561645508,
            "0_layout_graph": 0.07619810104370117,
            "1_unpack_graph": 0.03708457946777344,
            "2_unpack_graph": 0.0367588996887207,
            "3_filter": 0.039624691009521484,
            "4_drop": 0.01853656768798828,
            "5_select": 0.01874685287475586,
            "6_snapshot": 0.019366025924682617,
            "7_rename": 0.018405914306640625,
            "8_convert": 0.07349801063537598,
            "9_join": 0.02576756477355957,
            "10_rename": 0.021483659744262695
        },
        "create_final_communities": {
            "overall": 0.41360902786254883,
            "0_unpack_graph": 0.031810760498046875,
            "1_unpack_graph": 0.031690359115600586,
            "2_aggregate_override": 0.01972508430480957,
            "3_join": 0.024924516677856445,
            "4_join": 0.02470850944519043,
            "5_concat": 0.018094301223754883,
            "6_filter": 0.05583024024963379,
            "7_aggregate_override": 0.023096323013305664,
            "8_join": 0.027347087860107422,
            "9_filter": 0.05857586860656738,
            "10_fill": 0.018568754196166992,
            "11_merge": 0.02321338653564453,
            "12_copy": 0.01957988739013672,
            "13_select": 0.019849777221679688
        },
        "join_text_units_to_entity_ids": {
            "overall": 0.09244155883789062,
            "0_select": 0.021192550659179688,
            "1_unroll": 0.0223238468170166,
            "2_aggregate_override": 0.02429819107055664
        },
        "create_final_relationships": {
            "overall": 0.43031978607177734,
            "0_unpack_graph": 0.05672740936279297,
            "1_filter": 0.0751500129699707,
            "2_rename": 0.03472638130187988,
            "3_filter": 0.07637476921081543,
            "4_drop": 0.0368499755859375,
            "5_compute_edge_combined_degree": 0.04167675971984863,
            "6_convert": 0.05353212356567383,
            "7_convert": 0.02253270149230957
        },
        "join_text_units_to_relationship_ids": {
            "overall": 0.1960005760192871,
            "0_select": 0.037262678146362305,
            "1_unroll": 0.03984785079956055,
            "2_aggregate_override": 0.04359245300292969,
            "3_select": 0.038443803787231445
        },
        "create_final_community_reports": {
            "overall": 0.40415120124816895,
            "0_prepare_community_reports_nodes": 0.028766870498657227,
            "1_prepare_community_reports_edges": 0.028547048568725586,
            "2_prepare_community_reports_claims": 0.02840876579284668,
            "3_restore_community_hierarchy": 0.031056880950927734,
            "4_prepare_community_reports": 0.17599773406982422,
            "5_create_community_reports": 0.054892539978027344,
            "6_window": 0.030343294143676758
        },
        "create_final_text_units": {
            "overall": 0.2540433406829834,
            "0_select": 0.027301788330078125,
            "1_rename": 0.028685331344604492,
            "2_join": 0.03667926788330078,
            "3_join": 0.03572964668273926,
            "4_join": 0.0368194580078125,
            "5_aggregate_override": 0.03173971176147461,
            "6_select": 0.030475854873657227
        },
        "create_base_documents": {
            "overall": 0.4329650402069092,
            "0_unroll": 0.041834354400634766,
            "1_select": 0.09622716903686523,
            "2_rename": 0.030627012252807617,
            "3_join": 0.03635430335998535,
            "4_aggregate_override": 0.03276252746582031,
            "5_join": 0.03694748878479004,
            "6_rename": 0.031913042068481445,
            "7_convert": 0.09401631355285645
        },
        "create_final_documents": {
            "overall": 0.06752467155456543,
            "0_rename": 0.03534507751464844
        }
    }
}