{
    "total_runtime": 3.747973680496216,
    "num_documents": 1,
    "input_load_time": 0,
    "workflows": {
        "create_base_text_units": {
            "overall": 3.535538673400879,
            "0_orderby": 0.003582000732421875,
            "1_zip": 0.00418543815612793,
            "2_aggregate_override": 0.007532835006713867,
            "3_chunk": 3.370175838470459,
            "4_select": 0.0035316944122314453,
            "5_unroll": 0.005468130111694336,
            "6_rename": 0.003825664520263672,
            "7_genid": 0.054601192474365234,
            "8_unzip": 0.007000923156738281,
            "9_copy": 0.0043947696685791016,
            "10_filter": 0.06804537773132324
        }
    }
}