{
    "total_runtime": 29.192614316940308,
    "num_documents": 75,
    "input_load_time": 0,
    "workflows": {
        "create_base_text_units": {
            "overall": 2.6092145442962646,
            "0_orderby": 0.0025370121002197266,
            "1_zip": 0.002928495407104492,
            "2_aggregate_override": 0.005622386932373047,
            "3_chunk": 2.559415340423584,
            "4_select": 0.003567218780517578,
            "5_unroll": 0.004741191864013672,
            "6_rename": 0.003405332565307617,
            "7_genid": 0.00417780876159668,
            "8_unzip": 0.004327535629272461,
            "9_copy": 0.0037240982055664062,
            "10_filter": 0.012582063674926758
        },
        "create_base_extracted_entities": {
            "overall": 0.18749046325683594,
            "0_entity_extract": 0.12789320945739746,
            "1_snapshot": 0.01026773452758789,
            "2_merge_graphs": 0.037390708923339844,
            "3_snapshot_rows": 0.007462978363037109
        },
        "create_final_covariates": {
            "overall": 0.13474178314208984,
            "0_extract_covariates": 0.06326818466186523,
            "1_window": 0.010829925537109375,
            "2_genid": 0.009934663772583008,
            "3_convert": 0.021726369857788086,
            "4_rename": 0.01119375228881836,
            "5_select": 0.011365890502929688
        },
        "create_summarized_entities": {
            "overall": 0.08503842353820801,
            "0_summarize_descriptions": 0.06895303726196289,
            "1_snapshot_rows": 0.008738517761230469
        },
        "join_text_units_to_covariate_ids": {
            "overall": 0.02937793731689453,
            "0_select": 0.00865483283996582,
            "1_aggregate_override": 0.012807846069335938
        },
        "create_base_entity_graph": {
            "overall": 0.10503792762756348,
            "0_cluster_graph": 0.058626413345336914,
            "1_snapshot_rows": 0.011374473571777344,
            "2_snapshot_rows": 0.010555505752563477,
            "3_select": 0.010576486587524414
        },
        "create_final_entities": {
            "overall": 0.28959155082702637,
            "0_unpack_graph": 0.026639938354492188,
            "1_rename": 0.010522842407226562,
            "2_select": 0.012382984161376953,
            "3_dedupe": 0.011068105697631836,
            "4_rename": 0.011812448501586914,
            "5_filter": 0.02704000473022461,
            "6_text_split": 0.013154268264770508,
            "7_drop": 0.011955499649047852,
            "8_merge": 0.027852773666381836,
            "9_text_embed": 0.08304524421691895,
            "10_drop": 0.013353109359741211,
            "11_filter": 0.02945423126220703
        },
        "create_final_nodes": {
            "overall": 0.35951995849609375,
            "0_layout_graph": 0.09875893592834473,
            "1_unpack_graph": 0.029973745346069336,
            "2_unpack_graph": 0.029930830001831055,
            "3_filter": 0.033449411392211914,
            "4_drop": 0.014349222183227539,
            "5_select": 0.01472163200378418,
            "6_snapshot": 0.015222549438476562,
            "7_rename": 0.015028953552246094,
            "8_convert": 0.04963111877441406,
            "9_join": 0.022243022918701172,
            "10_rename": 0.015284061431884766
        },
        "create_final_communities": {
            "overall": 19.814324378967285,
            "0_unpack_graph": 0.03181958198547363,
            "1_unpack_graph": 0.032328128814697266,
            "2_aggregate_override": 0.019361495971679688,
            "3_join": 0.024951457977294922,
            "4_join": 0.02458500862121582,
            "5_concat": 0.01871967315673828,
            "6_filter": 0.060173749923706055,
            "7_aggregate_override": 0.02316904067993164,
            "8_join": 0.023735761642456055,
            "9_filter": 0.04145050048828125,
            "10_fill": 0.019454240798950195,
            "11_merge": 0.024339914321899414,
            "12_copy": 0.024774789810180664,
            "13_select": 19.42900037765503
        },
        "join_text_units_to_entity_ids": {
            "overall": 0.0876169204711914,
            "0_select": 0.02069830894470215,
            "1_unroll": 0.02203989028930664,
            "2_aggregate_override": 0.024758577346801758
        },
        "create_final_relationships": {
            "overall": 0.328533411026001,
            "0_unpack_graph": 0.042012691497802734,
            "1_filter": 0.052581071853637695,
            "2_rename": 0.024546384811401367,
            "3_filter": 0.0560302734375,
            "4_drop": 0.02502751350402832,
            "5_compute_edge_combined_degree": 0.029201745986938477,
            "6_convert": 0.050867319107055664,
            "7_convert": 0.025422334671020508
        },
        "join_text_units_to_relationship_ids": {
            "overall": 0.11925148963928223,
            "0_select": 0.02270364761352539,
            "1_unroll": 0.024100303649902344,
            "2_aggregate_override": 0.026767492294311523,
            "3_select": 0.023722171783447266
        },
        "create_final_community_reports": {
            "overall": 0.37213754653930664,
            "0_prepare_community_reports_nodes": 0.02641129493713379,
            "1_prepare_community_reports_edges": 0.026020050048828125,
            "2_prepare_community_reports_claims": 0.0256350040435791,
            "3_restore_community_hierarchy": 0.02773141860961914,
            "4_prepare_community_reports": 0.16855359077453613,
            "5_create_community_reports": 0.04923510551452637,
            "6_window": 0.025089740753173828
        },
        "create_final_text_units": {
            "overall": 0.23721933364868164,
            "0_select": 0.028152942657470703,
            "1_rename": 0.026482820510864258,
            "2_join": 0.031697750091552734,
            "3_join": 0.03233599662780762,
            "4_join": 0.032427310943603516,
            "5_aggregate_override": 0.02973794937133789,
            "6_select": 0.027750253677368164
        },
        "create_base_documents": {
            "overall": 0.4061429500579834,
            "0_unroll": 0.029450654983520508,
            "1_select": 0.028440237045288086,
            "2_rename": 0.028429746627807617,
            "3_join": 0.033240556716918945,
            "4_aggregate_override": 0.031023025512695312,
            "5_join": 0.034516334533691406,
            "6_rename": 0.02897047996520996,
            "7_convert": 0.16400456428527832
        },
        "create_final_documents": {
            "overall": 0.061130523681640625,
            "0_rename": 0.030650854110717773
        }
    }
}