{
    "total_runtime": 422.077353477478,
    "num_documents": 64,
    "input_load_time": 0,
    "workflows": {
        "create_base_text_units": {
            "overall": 2.7074925899505615,
            "0_orderby": 0.002803325653076172,
            "1_zip": 0.0032110214233398438,
            "2_aggregate_override": 0.006075382232666016,
            "3_chunk": 2.6461918354034424,
            "4_select": 0.004286289215087891,
            "5_unroll": 0.005249977111816406,
            "6_rename": 0.0035943984985351562,
            "7_genid": 0.004445075988769531,
            "8_unzip": 0.004656314849853516,
            "9_copy": 0.003943920135498047,
            "10_filter": 0.020493507385253906
        },
        "create_base_extracted_entities": {
            "overall": 136.81151795387268,
            "0_entity_extract": 136.73105716705322,
            "1_snapshot": 0.013424873352050781,
            "2_merge_graphs": 0.05228710174560547,
            "3_snapshot_rows": 0.009582281112670898
        },
        "create_final_covariates": {
            "overall": 36.34326887130737,
            "0_extract_covariates": 36.27756428718567,
            "1_window": 0.008807182312011719,
            "2_genid": 0.011752605438232422,
            "3_convert": 0.01853775978088379,
            "4_rename": 0.009290695190429688,
            "5_select": 0.00990605354309082
        },
        "create_summarized_entities": {
            "overall": 34.4036602973938,
            "0_summarize_descriptions": 34.38222527503967,
            "1_snapshot_rows": 0.013814926147460938
        },
        "join_text_units_to_covariate_ids": {
            "overall": 0.029135465621948242,
            "0_select": 0.008638143539428711,
            "1_aggregate_override": 0.012464046478271484
        },
        "create_base_entity_graph": {
            "overall": 0.10823750495910645,
            "0_cluster_graph": 0.0498812198638916,
            "1_snapshot_rows": 0.011317729949951172,
            "2_snapshot_rows": 0.019530057907104492,
            "3_select": 0.018723249435424805
        },
        "create_final_entities": {
            "overall": 3.1889185905456543,
            "0_unpack_graph": 0.023448705673217773,
            "1_rename": 0.010626077651977539,
            "2_select": 0.010793924331665039,
            "3_dedupe": 0.012428522109985352,
            "4_rename": 0.01133108139038086,
            "5_filter": 0.02907395362854004,
            "6_text_split": 0.014238834381103516,
            "7_drop": 0.013019084930419922,
            "8_merge": 0.026242494583129883,
            "9_text_embed": 2.960171699523926,
            "10_drop": 0.02068638801574707,
            "11_filter": 0.04688763618469238
        },
        "create_final_nodes": {
            "overall": 0.36089205741882324,
            "0_layout_graph": 0.08398580551147461,
            "1_unpack_graph": 0.03188967704772949,
            "2_unpack_graph": 0.030170679092407227,
            "3_drop": 0.015666723251342773,
            "4_filter": 0.035504817962646484,
            "5_select": 0.015847444534301758,
            "6_snapshot": 0.016682863235473633,
            "7_rename": 0.016342878341674805,
            "8_join": 0.024043798446655273,
            "9_convert": 0.05262947082519531,
            "10_rename": 0.016991138458251953
        },
        "create_final_communities": {
            "overall": 0.4556620121002197,
            "0_unpack_graph": 0.030601024627685547,
            "1_unpack_graph": 0.030391454696655273,
            "2_aggregate_override": 0.020174264907836914,
            "3_join": 0.024454116821289062,
            "4_join": 0.024312973022460938,
            "5_concat": 0.018102169036865234,
            "6_filter": 0.05973958969116211,
            "7_aggregate_override": 0.023813724517822266,
            "8_join": 0.025136947631835938,
            "9_filter": 0.04380345344543457,
            "10_fill": 0.02476024627685547,
            "11_merge": 0.07407903671264648,
            "12_copy": 0.019558429718017578,
            "13_select": 0.019387245178222656
        },
        "join_text_units_to_entity_ids": {
            "overall": 0.08699488639831543,
            "0_select": 0.020015716552734375,
            "1_unroll": 0.02154850959777832,
            "2_aggregate_override": 0.02561187744140625
        },
        "create_final_relationships": {
            "overall": 0.2835683822631836,
            "0_unpack_graph": 0.034001827239990234,
            "1_filter": 0.04538083076477051,
            "2_rename": 0.02117300033569336,
            "3_filter": 0.04890322685241699,
            "4_drop": 0.02165389060974121,
            "5_compute_edge_combined_degree": 0.025972843170166016,
            "6_convert": 0.044297218322753906,
            "7_convert": 0.022141456604003906
        },
        "join_text_units_to_relationship_ids": {
            "overall": 0.12133026123046875,
            "0_select": 0.023092269897460938,
            "1_unroll": 0.024659395217895508,
            "2_aggregate_override": 0.02751946449279785,
            "3_select": 0.024346590042114258
        },
        "create_final_community_reports": {
            "overall": 201.93674635887146,
            "0_prepare_community_reports_nodes": 0.03429818153381348,
            "1_prepare_community_reports_edges": 0.03537344932556152,
            "2_prepare_community_reports_claims": 0.033050537109375,
            "3_restore_community_hierarchy": 0.035964012145996094,
            "4_prepare_community_reports": 0.1769089698791504,
            "5_create_community_reports": 201.55599808692932,
            "6_window": 0.034210920333862305
        },
        "create_final_text_units": {
            "overall": 0.2610623836517334,
            "0_select": 0.029096364974975586,
            "1_rename": 0.0300905704498291,
            "2_join": 0.035749197006225586,
            "3_join": 0.03611493110656738,
            "4_join": 0.03622555732727051,
            "5_aggregate_override": 0.033185720443725586,
            "6_select": 0.03168606758117676
        },
        "create_base_documents": {
            "overall": 0.3411598205566406,
            "0_unroll": 0.030477523803710938,
            "1_select": 0.028882503509521484,
            "2_rename": 0.029483556747436523,
            "3_join": 0.03419613838195801,
            "4_aggregate_override": 0.03215384483337402,
            "5_join": 0.03555035591125488,
            "6_rename": 0.030425071716308594,
            "7_convert": 0.09133028984069824
        },
        "create_final_documents": {
            "overall": 0.05896162986755371,
            "0_rename": 0.029847383499145508
        }
    }
}