{
    "total_runtime": 4.365445852279663,
    "num_documents": 64,
    "input_load_time": 0,
    "workflows": {
        "create_base_text_units": {
            "overall": 2.69696044921875,
            "0_orderby": 0.0041255950927734375,
            "1_zip": 0.004700660705566406,
            "2_aggregate_override": 0.008968353271484375,
            "3_chunk": 2.6363675594329834,
            "4_select": 0.0037267208099365234,
            "5_unroll": 0.005048990249633789,
            "6_rename": 0.004181623458862305,
            "7_genid": 0.004914522171020508,
            "8_unzip": 0.004630327224731445,
            "9_copy": 0.004033327102661133,
            "10_filter": 0.01304006576538086
        },
        "create_base_extracted_entities": {
            "overall": 1.2391841411590576,
            "0_entity_extract": 1.2093234062194824,
            "1_snapshot": 0.006383419036865234,
            "2_merge_graphs": 0.011861324310302734,
            "3_snapshot_rows": 0.007079601287841797
        }
    }
}