{
    "total_runtime": 3443.385499238968,
    "num_documents": 64,
    "input_load_time": 0,
    "workflows": {
        "create_base_text_units": {
            "overall": 3.17026948928833,
            "0_orderby": 0.07291316986083984,
            "1_zip": 0.032003164291381836,
            "2_aggregate_override": 0.04769444465637207,
            "3_chunk": 2.8744845390319824,
            "4_select": 0.024897098541259766,
            "5_unroll": 0.028786659240722656,
            "6_rename": 0.005694150924682617,
            "7_genid": 0.006470203399658203,
            "8_unzip": 0.006733894348144531,
            "9_copy": 0.005728483200073242,
            "10_filter": 0.06257796287536621
        },
        "create_base_extracted_entities": {
            "overall": 1042.5000822544098,
            "0_entity_extract": 1042.367916584015,
            "1_snapshot": 0.025452852249145508,
            "2_merge_graphs": 0.08793497085571289,
            "3_snapshot_rows": 0.011089086532592773
        },
        "create_final_covariates": {
            "overall": 220.57649970054626,
            "0_extract_covariates": 220.47334051132202,
            "1_window": 0.012230396270751953,
            "2_genid": 0.011658191680908203,
            "3_convert": 0.04674673080444336,
            "4_rename": 0.012893915176391602,
            "5_select": 0.013334035873413086
        },
        "create_summarized_entities": {
            "overall": 28.51232624053955,
            "0_summarize_descriptions": 28.490490913391113,
            "1_snapshot_rows": 0.014095306396484375
        },
        "join_text_units_to_covariate_ids": {
            "overall": 0.0652625560760498,
            "0_select": 0.00938105583190918,
            "1_aggregate_override": 0.04704475402832031
        },
        "create_base_entity_graph": {
            "overall": 0.13634395599365234,
            "0_cluster_graph": 0.0943002700805664,
            "1_snapshot_rows": 0.011671066284179688,
            "2_snapshot_rows": 0.011276721954345703,
            "3_select": 0.010312318801879883
        },
        "create_final_entities": {
            "overall": 18.886525869369507,
            "0_unpack_graph": 0.03450584411621094,
            "1_rename": 0.011244058609008789,
            "2_select": 0.011182308197021484,
            "3_dedupe": 0.011392354965209961,
            "4_rename": 0.011339664459228516,
            "5_filter": 0.026839017868041992,
            "6_text_split": 0.01391148567199707,
            "7_drop": 0.01267385482788086,
            "8_merge": 0.042139291763305664,
            "9_text_embed": 18.654748916625977,
            "10_drop": 0.014067411422729492,
            "11_filter": 0.03185272216796875
        },
        "create_final_nodes": {
            "overall": 0.6474878787994385,
            "0_layout_graph": 0.1660022735595703,
            "1_unpack_graph": 0.03840303421020508,
            "2_unpack_graph": 0.03783369064331055,
            "3_drop": 0.014477014541625977,
            "4_filter": 0.03607058525085449,
            "5_select": 0.014770746231079102,
            "6_snapshot": 0.01606011390686035,
            "7_rename": 0.0152587890625,
            "8_convert": 0.17571067810058594,
            "9_join": 0.08426928520202637,
            "10_rename": 0.026237964630126953
        },
        "create_final_communities": {
            "overall": 0.4432952404022217,
            "0_unpack_graph": 0.04244828224182129,
            "1_unpack_graph": 0.04067420959472656,
            "2_aggregate_override": 0.019743680953979492,
            "3_join": 0.024468183517456055,
            "4_join": 0.024306535720825195,
            "5_concat": 0.018118619918823242,
            "6_filter": 0.07540631294250488,
            "7_aggregate_override": 0.025827646255493164,
            "8_join": 0.024318933486938477,
            "9_filter": 0.04231095314025879,
            "10_fill": 0.01910567283630371,
            "11_merge": 0.03008556365966797,
            "12_copy": 0.01929020881652832,
            "13_select": 0.019729137420654297
        },
        "join_text_units_to_entity_ids": {
            "overall": 0.08974790573120117,
            "0_select": 0.02138805389404297,
            "1_unroll": 0.02290630340576172,
            "2_aggregate_override": 0.025427818298339844
        },
        "create_final_relationships": {
            "overall": 0.3908815383911133,
            "0_unpack_graph": 0.047593116760253906,
            "1_filter": 0.05072450637817383,
            "2_rename": 0.023093223571777344,
            "3_filter": 0.055071353912353516,
            "4_drop": 0.02484416961669922,
            "5_compute_edge_combined_degree": 0.04623985290527344,
            "6_convert": 0.08434748649597168,
            "7_convert": 0.03719735145568848
        },
        "join_text_units_to_relationship_ids": {
            "overall": 0.12992215156555176,
            "0_select": 0.02460479736328125,
            "1_unroll": 0.02616739273071289,
            "2_aggregate_override": 0.029291868209838867,
            "3_select": 0.02631545066833496
        },
        "create_final_community_reports": {
            "overall": 2120.8232748508453,
            "0_prepare_community_reports_nodes": 0.02896904945373535,
            "1_prepare_community_reports_edges": 0.03005218505859375,
            "2_prepare_community_reports_claims": 0.027932167053222656,
            "3_restore_community_hierarchy": 0.0328984260559082,
            "4_prepare_community_reports": 0.30013442039489746,
            "5_create_community_reports": 2120.2309165000916,
            "6_window": 0.14744305610656738
        },
        "create_final_text_units": {
            "overall": 0.35291624069213867,
            "0_select": 0.027408838272094727,
            "1_rename": 0.027972936630249023,
            "2_join": 0.04945683479309082,
            "3_join": 0.045534610748291016,
            "4_join": 0.0861060619354248,
            "5_aggregate_override": 0.04985356330871582,
            "6_select": 0.029511690139770508
        },
        "create_base_documents": {
            "overall": 0.46415066719055176,
            "0_unroll": 0.040259599685668945,
            "1_select": 0.02969956398010254,
            "2_rename": 0.029906511306762695,
            "3_join": 0.035219430923461914,
            "4_aggregate_override": 0.03328394889831543,
            "5_join": 0.07123541831970215,
            "6_rename": 0.03127717971801758,
            "7_convert": 0.16487979888916016
        },
        "create_final_documents": {
            "overall": 0.08729386329650879,
            "0_rename": 0.04484152793884277
        }
    }
}