{
    "total_runtime": 221.6154375076294,
    "num_documents": 1,
    "input_load_time": 0,
    "workflows": {
        "create_base_text_units": {
            "overall": 2.6706929206848145,
            "0_orderby": 0.0024433135986328125,
            "1_zip": 0.0029709339141845703,
            "2_aggregate_override": 0.005228757858276367,
            "3_chunk": 2.6174111366271973,
            "4_select": 0.0037081241607666016,
            "5_unroll": 0.005157947540283203,
            "6_rename": 0.0038602352142333984,
            "7_genid": 0.004644870758056641,
            "8_unzip": 0.004887580871582031,
            "9_copy": 0.004246711730957031,
            "10_filter": 0.013891220092773438
        },
        "create_base_extracted_entities": {
            "overall": 130.44450092315674,
            "0_entity_extract": 130.40453481674194,
            "1_snapshot": 0.007816553115844727,
            "2_merge_graphs": 0.020816326141357422,
            "3_snapshot_rows": 0.006591796875
        },
        "create_final_covariates": {
            "overall": 55.71960949897766,
            "0_extract_covariates": 55.64906930923462,
            "1_window": 0.010227680206298828,
            "2_genid": 0.009973526000976562,
            "3_convert": 0.02109670639038086,
            "4_rename": 0.010735511779785156,
            "5_select": 0.011189460754394531
        },
        "create_summarized_entities": {
            "overall": 9.847850561141968,
            "0_summarize_descriptions": 9.827481269836426,
            "1_snapshot_rows": 0.012814998626708984
        },
        "join_text_units_to_covariate_ids": {
            "overall": 0.03515982627868652,
            "0_select": 0.01129770278930664,
            "1_aggregate_override": 0.013916969299316406
        },
        "create_base_entity_graph": {
            "overall": 0.0863637924194336,
            "0_cluster_graph": 0.03702092170715332,
            "1_snapshot_rows": 0.012677431106567383,
            "2_snapshot_rows": 0.012665033340454102,
            "3_select": 0.01280832290649414
        },
        "create_final_entities": {
            "overall": 4.517390251159668,
            "0_unpack_graph": 0.016649723052978516,
            "1_rename": 0.010578155517578125,
            "2_select": 0.010833024978637695,
            "3_dedupe": 0.011027336120605469,
            "4_rename": 0.011019229888916016,
            "5_filter": 0.02580738067626953,
            "6_text_split": 0.013405084609985352,
            "7_drop": 0.012222528457641602,
            "8_merge": 0.04101991653442383,
            "9_text_embed": 4.3109290599823,
            "10_drop": 0.01327824592590332,
            "11_filter": 0.0302734375
        },
        "create_final_nodes": {
            "overall": 0.3135700225830078,
            "0_layout_graph": 0.03559756278991699,
            "1_unpack_graph": 0.02139902114868164,
            "2_unpack_graph": 0.021979570388793945,
            "3_drop": 0.020280838012695312,
            "4_filter": 0.044748544692993164,
            "5_select": 0.014473915100097656,
            "6_snapshot": 0.015495538711547852,
            "7_rename": 0.023931264877319336,
            "8_join": 0.03251528739929199,
            "9_convert": 0.05290627479553223,
            "10_rename": 0.016300201416015625
        },
        "create_final_communities": {
            "overall": 0.3432788848876953,
            "0_unpack_graph": 0.02190709114074707,
            "1_unpack_graph": 0.021999359130859375,
            "2_aggregate_override": 0.01872730255126953,
            "3_join": 0.022848844528198242,
            "4_join": 0.022789955139160156,
            "5_concat": 0.01714920997619629,
            "6_filter": 0.039623260498046875,
            "7_aggregate_override": 0.0204775333404541,
            "8_join": 0.023512601852416992,
            "9_filter": 0.040799617767333984,
            "10_fill": 0.01838064193725586,
            "11_merge": 0.020197153091430664,
            "12_copy": 0.01922297477722168,
            "13_select": 0.019585132598876953
        },
        "join_text_units_to_entity_ids": {
            "overall": 0.08729815483093262,
            "0_select": 0.02081465721130371,
            "1_unroll": 0.022475481033325195,
            "2_aggregate_override": 0.02392721176147461
        },
        "create_final_relationships": {
            "overall": 0.3213522434234619,
            "0_unpack_graph": 0.04172205924987793,
            "1_filter": 0.06579399108886719,
            "2_rename": 0.020759105682373047,
            "3_filter": 0.0453028678894043,
            "4_drop": 0.02221989631652832,
            "5_compute_edge_combined_degree": 0.02609086036682129,
            "6_convert": 0.04478812217712402,
            "7_convert": 0.022650480270385742
        },
        "join_text_units_to_relationship_ids": {
            "overall": 0.14430475234985352,
            "0_select": 0.02275991439819336,
            "1_unroll": 0.024119853973388672,
            "2_aggregate_override": 0.03637290000915527,
            "3_select": 0.03839683532714844
        },
        "create_final_community_reports": {
            "overall": 12.138191938400269,
            "0_prepare_community_reports_nodes": 0.02678203582763672,
            "1_prepare_community_reports_edges": 0.02608323097229004,
            "2_prepare_community_reports_claims": 0.026535749435424805,
            "3_restore_community_hierarchy": 0.02945733070373535,
            "4_prepare_community_reports": 0.049685001373291016,
            "5_create_community_reports": 11.908435106277466,
            "6_window": 0.04696822166442871
        },
        "create_final_text_units": {
            "overall": 0.2883946895599365,
            "0_select": 0.04032111167907715,
            "1_rename": 0.04060482978820801,
            "2_join": 0.035494089126586914,
            "3_join": 0.03946971893310547,
            "4_join": 0.03323984146118164,
            "5_aggregate_override": 0.030969619750976562,
            "6_select": 0.02843165397644043
        },
        "create_base_documents": {
            "overall": 0.3444027900695801,
            "0_unroll": 0.030356645584106445,
            "1_select": 0.028714418411254883,
            "2_rename": 0.02952098846435547,
            "3_join": 0.04456329345703125,
            "4_aggregate_override": 0.058094024658203125,
            "5_join": 0.034720420837402344,
            "6_rename": 0.030157089233398438,
            "7_convert": 0.06036686897277832
        },
        "create_final_documents": {
            "overall": 0.060068607330322266,
            "0_rename": 0.030154705047607422
        }
    }
}