{
    "total_runtime": 220.4702296257019,
    "num_documents": 1,
    "input_load_time": 0,
    "workflows": {
        "create_base_text_units": {
            "overall": 32.56663918495178,
            "0_orderby": 0.0025680065155029297,
            "1_zip": 0.002966165542602539,
            "2_aggregate_override": 0.005105257034301758,
            "3_chunk": 32.508352756500244,
            "4_select": 0.004370927810668945,
            "5_unroll": 0.005811929702758789,
            "6_rename": 0.004265785217285156,
            "7_genid": 0.0052318572998046875,
            "8_unzip": 0.00547480583190918,
            "9_copy": 0.0048863887786865234,
            "10_filter": 0.015332221984863281
        },
        "create_base_extracted_entities": {
            "overall": 105.16487669944763,
            "0_entity_extract": 105.09613013267517,
            "1_snapshot": 0.017608642578125,
            "2_merge_graphs": 0.03569197654724121,
            "3_snapshot_rows": 0.009905576705932617
        },
        "create_final_covariates": {
            "overall": 36.85515117645264,
            "0_extract_covariates": 36.8038055896759,
            "1_window": 0.007010698318481445,
            "2_genid": 0.006715536117553711,
            "3_convert": 0.014000654220581055,
            "4_rename": 0.007073879241943359,
            "5_select": 0.0073511600494384766
        },
        "create_summarized_entities": {
            "overall": 19.570367097854614,
            "0_summarize_descriptions": 19.549309015274048,
            "1_snapshot_rows": 0.013498306274414062
        },
        "join_text_units_to_covariate_ids": {
            "overall": 0.03322482109069824,
            "0_select": 0.010358572006225586,
            "1_aggregate_override": 0.013350248336791992
        },
        "create_base_entity_graph": {
            "overall": 0.07522892951965332,
            "0_cluster_graph": 0.032651662826538086,
            "1_snapshot_rows": 0.010085344314575195,
            "2_snapshot_rows": 0.012024164199829102,
            "3_select": 0.012014627456665039
        },
        "create_final_entities": {
            "overall": 8.190491437911987,
            "0_unpack_graph": 0.017590999603271484,
            "1_rename": 0.01482701301574707,
            "2_select": 0.011057615280151367,
            "3_dedupe": 0.01098322868347168,
            "4_rename": 0.010934829711914062,
            "5_filter": 0.02600860595703125,
            "6_text_split": 0.013246297836303711,
            "7_drop": 0.011964559555053711,
            "8_merge": 0.04466605186462402,
            "9_text_embed": 7.914927959442139,
            "10_drop": 0.0202639102935791,
            "11_filter": 0.08044075965881348
        },
        "create_final_nodes": {
            "overall": 0.26492929458618164,
            "0_layout_graph": 0.0375819206237793,
            "1_unpack_graph": 0.020465612411499023,
            "2_unpack_graph": 0.020713329315185547,
            "3_drop": 0.013856887817382812,
            "4_filter": 0.030479907989501953,
            "5_select": 0.014279365539550781,
            "6_snapshot": 0.015314817428588867,
            "7_rename": 0.014887571334838867,
            "8_join": 0.021425247192382812,
            "9_convert": 0.04736757278442383,
            "10_rename": 0.015557289123535156
        },
        "create_final_communities": {
            "overall": 0.3956584930419922,
            "0_unpack_graph": 0.025745630264282227,
            "1_unpack_graph": 0.023479223251342773,
            "2_aggregate_override": 0.01859569549560547,
            "3_join": 0.02235126495361328,
            "4_join": 0.0224916934967041,
            "5_concat": 0.0171051025390625,
            "6_filter": 0.0389249324798584,
            "7_aggregate_override": 0.020564556121826172,
            "8_join": 0.07376694679260254,
            "9_filter": 0.04046201705932617,
            "10_fill": 0.01877737045288086,
            "11_merge": 0.019637584686279297,
            "12_copy": 0.018492460250854492,
            "13_select": 0.01904773712158203
        },
        "join_text_units_to_entity_ids": {
            "overall": 0.09967994689941406,
            "0_select": 0.023924827575683594,
            "1_unroll": 0.025333881378173828,
            "2_aggregate_override": 0.02698516845703125
        },
        "create_final_relationships": {
            "overall": 0.2720041275024414,
            "0_unpack_graph": 0.02708268165588379,
            "1_filter": 0.04363822937011719,
            "2_rename": 0.02106499671936035,
            "3_filter": 0.04511618614196777,
            "4_drop": 0.021693706512451172,
            "5_compute_edge_combined_degree": 0.025287866592407227,
            "6_convert": 0.04387474060058594,
            "7_convert": 0.024097204208374023
        },
        "join_text_units_to_relationship_ids": {
            "overall": 0.12238883972167969,
            "0_select": 0.023523569107055664,
            "1_unroll": 0.025206565856933594,
            "2_aggregate_override": 0.026615619659423828,
            "3_select": 0.02439427375793457
        },
        "create_final_community_reports": {
            "overall": 12.091824293136597,
            "0_prepare_community_reports_nodes": 0.02645564079284668,
            "1_prepare_community_reports_edges": 0.02661895751953125,
            "2_prepare_community_reports_claims": 0.02597975730895996,
            "3_restore_community_hierarchy": 0.028276443481445312,
            "4_prepare_community_reports": 0.0494236946105957,
            "5_create_community_reports": 11.869087219238281,
            "6_window": 0.04204821586608887
        },
        "create_final_text_units": {
            "overall": 0.2820088863372803,
            "0_select": 0.03319716453552246,
            "1_rename": 0.03275632858276367,
            "2_join": 0.03707480430603027,
            "3_join": 0.03789377212524414,
            "4_join": 0.03839254379272461,
            "5_aggregate_override": 0.03610825538635254,
            "6_select": 0.03400564193725586
        },
        "create_base_documents": {
            "overall": 0.36719727516174316,
            "0_unroll": 0.03650975227355957,
            "1_select": 0.03510642051696777,
            "2_rename": 0.03571319580078125,
            "3_join": 0.040719032287597656,
            "4_aggregate_override": 0.03769230842590332,
            "5_join": 0.04124307632446289,
            "6_rename": 0.03615140914916992,
            "7_convert": 0.06960630416870117
        },
        "create_final_documents": {
            "overall": 0.07233428955078125,
            "0_rename": 0.03681635856628418
        }
    }
}