{
    "total_runtime": 495.59847259521484,
    "num_documents": 64,
    "input_load_time": 0,
    "workflows": {
        "create_base_text_units": {
            "overall": 3.2347328662872314,
            "0_orderby": 0.002727031707763672,
            "1_zip": 0.003065347671508789,
            "2_aggregate_override": 0.00590825080871582,
            "3_chunk": 3.1830501556396484,
            "4_select": 0.0036122798919677734,
            "5_unroll": 0.0048558712005615234,
            "6_rename": 0.0035800933837890625,
            "7_genid": 0.004389524459838867,
            "8_unzip": 0.004614114761352539,
            "9_copy": 0.004053592681884766,
            "10_filter": 0.012669563293457031
        },
        "create_base_extracted_entities": {
            "overall": 168.26470518112183,
            "0_entity_extract": 168.17495799064636,
            "1_snapshot": 0.015093326568603516,
            "2_merge_graphs": 0.05864548683166504,
            "3_snapshot_rows": 0.01117563247680664
        },
        "create_final_covariates": {
            "overall": 38.85769319534302,
            "0_extract_covariates": 38.78114199638367,
            "1_window": 0.011568307876586914,
            "2_genid": 0.011069536209106445,
            "3_convert": 0.023466110229492188,
            "4_rename": 0.011931180953979492,
            "5_select": 0.012302398681640625
        },
        "create_summarized_entities": {
            "overall": 35.63418364524841,
            "0_summarize_descriptions": 35.6078462600708,
            "1_snapshot_rows": 0.018689632415771484
        },
        "join_text_units_to_covariate_ids": {
            "overall": 0.04847097396850586,
            "0_select": 0.01581430435180664,
            "1_aggregate_override": 0.023167848587036133
        },
        "create_base_entity_graph": {
            "overall": 0.1152033805847168,
            "0_cluster_graph": 0.05515885353088379,
            "1_snapshot_rows": 0.015388727188110352,
            "2_snapshot_rows": 0.01741814613342285,
            "3_select": 0.016574621200561523
        },
        "create_final_entities": {
            "overall": 3.1942074298858643,
            "0_unpack_graph": 0.04058074951171875,
            "1_rename": 0.01747608184814453,
            "2_select": 0.01794123649597168,
            "3_dedupe": 0.018558263778686523,
            "4_rename": 0.018488645553588867,
            "5_filter": 0.042429447174072266,
            "6_text_split": 0.021016597747802734,
            "7_drop": 0.019922494888305664,
            "8_merge": 0.044289350509643555,
            "9_text_embed": 2.870319128036499,
            "10_drop": 0.02070021629333496,
            "11_filter": 0.045867919921875
        },
        "create_final_nodes": {
            "overall": 0.3195834159851074,
            "0_layout_graph": 0.0645291805267334,
            "1_unpack_graph": 0.029410123825073242,
            "2_unpack_graph": 0.02875232696533203,
            "3_filter": 0.033159732818603516,
            "4_drop": 0.014932870864868164,
            "5_select": 0.015057086944580078,
            "6_snapshot": 0.016187667846679688,
            "7_rename": 0.016398191452026367,
            "8_convert": 0.04841732978820801,
            "9_join": 0.022875308990478516,
            "10_rename": 0.016402721405029297
        },
        "create_final_communities": {
            "overall": 0.46431469917297363,
            "0_unpack_graph": 0.05140352249145508,
            "1_unpack_graph": 0.039877891540527344,
            "2_aggregate_override": 0.021340608596801758,
            "3_join": 0.024325132369995117,
            "4_join": 0.027088165283203125,
            "5_concat": 0.01839470863342285,
            "6_filter": 0.05926823616027832,
            "7_aggregate_override": 0.02364492416381836,
            "8_join": 0.024371862411499023,
            "9_filter": 0.06257033348083496,
            "10_fill": 0.019463300704956055,
            "11_merge": 0.024861574172973633,
            "12_copy": 0.02002096176147461,
            "13_select": 0.02023792266845703
        },
        "join_text_units_to_entity_ids": {
            "overall": 0.08720088005065918,
            "0_select": 0.02033686637878418,
            "1_unroll": 0.0222780704498291,
            "2_aggregate_override": 0.0250856876373291
        },
        "create_final_relationships": {
            "overall": 0.3056480884552002,
            "0_unpack_graph": 0.03563690185546875,
            "1_filter": 0.047094106674194336,
            "2_rename": 0.022112607955932617,
            "3_filter": 0.05093741416931152,
            "4_drop": 0.02343440055847168,
            "5_compute_edge_combined_degree": 0.02693033218383789,
            "6_convert": 0.04690051078796387,
            "7_convert": 0.023042678833007812
        },
        "join_text_units_to_relationship_ids": {
            "overall": 0.13623476028442383,
            "0_select": 0.025289535522460938,
            "1_unroll": 0.025066375732421875,
            "2_aggregate_override": 0.027413129806518555,
            "3_select": 0.024144887924194336
        },
        "create_final_community_reports": {
            "overall": 239.7540647983551,
            "0_prepare_community_reports_nodes": 0.026964426040649414,
            "1_prepare_community_reports_edges": 0.0283505916595459,
            "2_prepare_community_reports_claims": 0.027019739151000977,
            "3_restore_community_hierarchy": 0.030263185501098633,
            "4_prepare_community_reports": 0.163588285446167,
            "5_create_community_reports": 239.4099154472351,
            "6_window": 0.04319572448730469
        },
        "create_final_text_units": {
            "overall": 0.2427234649658203,
            "0_select": 0.027094602584838867,
            "1_rename": 0.027098417282104492,
            "2_join": 0.03498721122741699,
            "3_join": 0.03290390968322754,
            "4_join": 0.03283834457397461,
            "5_aggregate_override": 0.030490398406982422,
            "6_select": 0.02864837646484375
        },
        "create_base_documents": {
            "overall": 0.33846235275268555,
            "0_unroll": 0.03030991554260254,
            "1_select": 0.02886366844177246,
            "2_rename": 0.029165983200073242,
            "3_join": 0.03410816192626953,
            "4_aggregate_override": 0.031429290771484375,
            "5_join": 0.03499746322631836,
            "6_rename": 0.02998948097229004,
            "7_convert": 0.09140491485595703
        },
        "create_final_documents": {
            "overall": 0.06206917762756348,
            "0_rename": 0.03139829635620117
        }
    }
}