{
    "total_runtime": 407.16842675209045,
    "num_documents": 64,
    "input_load_time": 0,
    "workflows": {
        "create_base_text_units": {
            "overall": 2.8639235496520996,
            "0_orderby": 0.0026311874389648438,
            "1_zip": 0.0029268264770507812,
            "2_aggregate_override": 0.005572080612182617,
            "3_chunk": 2.8022193908691406,
            "4_select": 0.004498958587646484,
            "5_unroll": 0.006251811981201172,
            "6_rename": 0.004547119140625,
            "7_genid": 0.005738258361816406,
            "8_unzip": 0.005944013595581055,
            "9_copy": 0.005025625228881836,
            "10_filter": 0.016448259353637695
        },
        "create_base_extracted_entities": {
            "overall": 98.124764919281,
            "0_entity_extract": 98.039302110672,
            "1_snapshot": 0.012908697128295898,
            "2_merge_graphs": 0.053871870040893555,
            "3_snapshot_rows": 0.01305389404296875
        },
        "create_final_covariates": {
            "overall": 37.48605990409851,
            "0_extract_covariates": 37.42691731452942,
            "1_window": 0.011233806610107422,
            "2_genid": 0.010762214660644531,
            "3_convert": 0.01652073860168457,
            "4_rename": 0.007323265075683594,
            "5_select": 0.00763392448425293
        },
        "create_summarized_entities": {
            "overall": 31.972076416015625,
            "0_summarize_descriptions": 31.949180841445923,
            "1_snapshot_rows": 0.013768672943115234
        },
        "join_text_units_to_covariate_ids": {
            "overall": 0.031495094299316406,
            "0_select": 0.009410619735717773,
            "1_aggregate_override": 0.013584375381469727
        },
        "create_base_entity_graph": {
            "overall": 0.08944416046142578,
            "0_cluster_graph": 0.048531532287597656,
            "1_snapshot_rows": 0.011020898818969727,
            "2_snapshot_rows": 0.010828256607055664,
            "3_select": 0.010356426239013672
        },
        "create_final_entities": {
            "overall": 3.0337328910827637,
            "0_unpack_graph": 0.022548913955688477,
            "1_rename": 0.010286092758178711,
            "2_select": 0.010533809661865234,
            "3_dedupe": 0.01091623306274414,
            "4_rename": 0.010837554931640625,
            "5_filter": 0.025663137435913086,
            "6_text_split": 0.013252735137939453,
            "7_drop": 0.012865304946899414,
            "8_merge": 0.033269643783569336,
            "9_text_embed": 2.831360101699829,
            "10_drop": 0.012998342514038086,
            "11_filter": 0.02935028076171875
        },
        "create_final_nodes": {
            "overall": 0.3162970542907715,
            "0_layout_graph": 0.06030011177062988,
            "1_unpack_graph": 0.028874635696411133,
            "2_unpack_graph": 0.030078887939453125,
            "3_filter": 0.03305411338806152,
            "4_drop": 0.016489267349243164,
            "5_select": 0.015186548233032227,
            "6_snapshot": 0.015514135360717773,
            "7_rename": 0.015397310256958008,
            "8_join": 0.022358179092407227,
            "9_convert": 0.049359798431396484,
            "10_rename": 0.016319751739501953
        },
        "create_final_communities": {
            "overall": 0.38379836082458496,
            "0_unpack_graph": 0.03037548065185547,
            "1_unpack_graph": 0.031235218048095703,
            "2_aggregate_override": 0.020636320114135742,
            "3_join": 0.02348804473876953,
            "4_join": 0.023963212966918945,
            "5_concat": 0.01802802085876465,
            "6_filter": 0.05498552322387695,
            "7_aggregate_override": 0.022230863571166992,
            "8_join": 0.02267599105834961,
            "9_filter": 0.04001879692077637,
            "10_fill": 0.018184900283813477,
            "11_merge": 0.023985624313354492,
            "12_copy": 0.01852273941040039,
            "13_select": 0.019225120544433594
        },
        "join_text_units_to_entity_ids": {
            "overall": 0.08879923820495605,
            "0_select": 0.02094435691833496,
            "1_unroll": 0.022284507751464844,
            "2_aggregate_override": 0.02513718605041504
        },
        "create_final_relationships": {
            "overall": 0.3118283748626709,
            "0_unpack_graph": 0.039044857025146484,
            "1_filter": 0.050719261169433594,
            "2_rename": 0.022172927856445312,
            "3_filter": 0.051611900329589844,
            "4_drop": 0.022504329681396484,
            "5_compute_edge_combined_degree": 0.02709817886352539,
            "6_convert": 0.04744410514831543,
            "7_convert": 0.02402496337890625
        },
        "join_text_units_to_relationship_ids": {
            "overall": 0.18078994750976562,
            "0_select": 0.036127567291259766,
            "1_unroll": 0.0379633903503418,
            "2_aggregate_override": 0.04528307914733887,
            "3_select": 0.02632451057434082
        },
        "create_final_community_reports": {
            "overall": 227.11680150032043,
            "0_prepare_community_reports_nodes": 0.033509016036987305,
            "1_prepare_community_reports_edges": 0.03146767616271973,
            "2_prepare_community_reports_claims": 0.03131604194641113,
            "3_restore_community_hierarchy": 0.03455162048339844,
            "4_prepare_community_reports": 0.17902255058288574,
            "5_create_community_reports": 226.74164533615112,
            "6_window": 0.03578591346740723
        },
        "create_final_text_units": {
            "overall": 0.27684688568115234,
            "0_select": 0.04278159141540527,
            "1_rename": 0.0316615104675293,
            "2_join": 0.03318667411804199,
            "3_join": 0.03337454795837402,
            "4_join": 0.03357386589050293,
            "5_aggregate_override": 0.03119373321533203,
            "6_select": 0.029214143753051758
        },
        "create_base_documents": {
            "overall": 0.34853291511535645,
            "0_unroll": 0.031534433364868164,
            "1_select": 0.029801607131958008,
            "2_rename": 0.02998828887939453,
            "3_join": 0.035111188888549805,
            "4_aggregate_override": 0.03269839286804199,
            "5_join": 0.0361027717590332,
            "6_rename": 0.0308377742767334,
            "7_convert": 0.09278130531311035
        },
        "create_final_documents": {
            "overall": 0.06312441825866699,
            "0_rename": 0.031720876693725586
        }
    }
}