{
    "total_runtime": 9.298498630523682,
    "num_documents": 64,
    "input_load_time": 0,
    "workflows": {
        "create_base_text_units": {
            "overall": 2.8950235843658447,
            "0_orderby": 0.0027883052825927734,
            "1_zip": 0.002976655960083008,
            "2_aggregate_override": 0.0057201385498046875,
            "3_chunk": 2.821340799331665,
            "4_select": 0.0058062076568603516,
            "5_unroll": 0.007439851760864258,
            "6_rename": 0.00565028190612793,
            "7_genid": 0.007031917572021484,
            "8_unzip": 0.0074079036712646484,
            "9_copy": 0.006373167037963867,
            "10_filter": 0.02021026611328125
        },
        "create_base_extracted_entities": {
            "overall": 5.955747604370117,
            "0_entity_extract": 5.909525156021118,
            "1_snapshot": 0.009883403778076172,
            "2_merge_graphs": 0.019815921783447266,
            "3_snapshot_rows": 0.00926518440246582
        }
    }
}