{
    "total_runtime": 150.83825492858887,
    "num_documents": 65,
    "input_load_time": 0,
    "workflows": {
        "create_base_text_units": {
            "overall": 2.6896469593048096,
            "0_orderby": 0.0024378299713134766,
            "1_zip": 0.002832174301147461,
            "2_aggregate_override": 0.005316972732543945,
            "3_chunk": 2.6403753757476807,
            "4_select": 0.0036058425903320312,
            "5_unroll": 0.00481414794921875,
            "6_rename": 0.003413677215576172,
            "7_genid": 0.004177093505859375,
            "8_unzip": 0.004372119903564453,
            "9_copy": 0.0037689208984375,
            "10_filter": 0.012475252151489258
        },
        "create_base_extracted_entities": {
            "overall": 0.15913128852844238,
            "0_entity_extract": 0.11177682876586914,
            "1_snapshot": 0.007895231246948242,
            "2_merge_graphs": 0.028963088989257812,
            "3_snapshot_rows": 0.006122589111328125
        },
        "create_final_covariates": {
            "overall": 0.1098945140838623,
            "0_extract_covariates": 0.05413460731506348,
            "1_window": 0.007897615432739258,
            "2_genid": 0.008065938949584961,
            "3_convert": 0.016554594039916992,
            "4_rename": 0.008471250534057617,
            "5_select": 0.00909566879272461
        },
        "create_summarized_entities": {
            "overall": 0.07778024673461914,
            "0_summarize_descriptions": 0.061553955078125,
            "1_snapshot_rows": 0.008500814437866211
        },
        "join_text_units_to_covariate_ids": {
            "overall": 0.034026384353637695,
            "0_select": 0.010163307189941406,
            "1_aggregate_override": 0.014410972595214844
        },
        "create_base_entity_graph": {
            "overall": 0.09052038192749023,
            "0_cluster_graph": 0.05073356628417969,
            "1_snapshot_rows": 0.010498762130737305,
            "2_snapshot_rows": 0.010440349578857422,
            "3_select": 0.009599685668945312
        },
        "create_final_entities": {
            "overall": 11.093481302261353,
            "0_unpack_graph": 0.024710655212402344,
            "1_rename": 0.01048731803894043,
            "2_select": 0.010666608810424805,
            "3_dedupe": 0.011056900024414062,
            "4_rename": 0.011025428771972656,
            "5_filter": 0.025574445724487305,
            "6_text_split": 0.012440919876098633,
            "7_drop": 0.011873245239257812,
            "8_merge": 0.026868820190429688,
            "9_text_embed": 10.873004674911499,
            "10_drop": 0.024984121322631836,
            "11_filter": 0.040151357650756836
        },
        "create_final_nodes": {
            "overall": 0.3227565288543701,
            "0_layout_graph": 0.06771421432495117,
            "1_unpack_graph": 0.03011322021484375,
            "2_unpack_graph": 0.03000020980834961,
            "3_drop": 0.014556884765625,
            "4_filter": 0.032254695892333984,
            "5_select": 0.015017509460449219,
            "6_snapshot": 0.015628576278686523,
            "7_rename": 0.015178442001342773,
            "8_convert": 0.047830820083618164,
            "9_join": 0.02231001853942871,
            "10_rename": 0.016203880310058594
        },
        "create_final_communities": {
            "overall": 0.46739649772644043,
            "0_unpack_graph": 0.03683209419250488,
            "1_unpack_graph": 0.03686714172363281,
            "2_aggregate_override": 0.022721052169799805,
            "3_join": 0.027731895446777344,
            "4_join": 0.028023481369018555,
            "5_concat": 0.021610260009765625,
            "6_filter": 0.06818103790283203,
            "7_aggregate_override": 0.026833772659301758,
            "8_join": 0.027948617935180664,
            "9_filter": 0.05005526542663574,
            "10_fill": 0.023558855056762695,
            "11_merge": 0.029118776321411133,
            "12_copy": 0.0240478515625,
            "13_select": 0.024865150451660156
        },
        "join_text_units_to_entity_ids": {
            "overall": 0.0832066535949707,
            "0_select": 0.019556283950805664,
            "1_unroll": 0.02101874351501465,
            "2_aggregate_override": 0.023895978927612305
        },
        "create_final_relationships": {
            "overall": 0.31215763092041016,
            "0_unpack_graph": 0.04303765296936035,
            "1_filter": 0.04437446594238281,
            "2_rename": 0.02092599868774414,
            "3_filter": 0.04802227020263672,
            "4_drop": 0.0211946964263916,
            "5_compute_edge_combined_degree": 0.02524423599243164,
            "6_convert": 0.04412484169006348,
            "7_convert": 0.02198171615600586
        },
        "join_text_units_to_relationship_ids": {
            "overall": 0.12021040916442871,
            "0_select": 0.023266077041625977,
            "1_unroll": 0.024444580078125,
            "2_aggregate_override": 0.027164220809936523,
            "3_select": 0.023185253143310547
        },
        "create_final_community_reports": {
            "overall": 130.68303680419922,
            "0_prepare_community_reports_nodes": 0.025827407836914062,
            "1_prepare_community_reports_edges": 0.03677487373352051,
            "2_prepare_community_reports_claims": 0.13756799697875977,
            "3_restore_community_hierarchy": 0.0358273983001709,
            "4_prepare_community_reports": 0.17873024940490723,
            "5_create_community_reports": 130.2100555896759,
            "6_window": 0.034700870513916016
        },
        "create_final_text_units": {
            "overall": 0.229050874710083,
            "0_select": 0.025399446487426758,
            "1_rename": 0.02522563934326172,
            "2_join": 0.03040337562561035,
            "3_join": 0.030792236328125,
            "4_join": 0.030522584915161133,
            "5_aggregate_override": 0.02809929847717285,
            "6_select": 0.026269197463989258
        },
        "create_base_documents": {
            "overall": 0.3241429328918457,
            "0_unroll": 0.02927875518798828,
            "1_select": 0.028029680252075195,
            "2_rename": 0.027740955352783203,
            "3_join": 0.03220033645629883,
            "4_aggregate_override": 0.029795169830322266,
            "5_join": 0.03307390213012695,
            "6_rename": 0.029045581817626953,
            "7_convert": 0.08706378936767578
        },
        "create_final_documents": {
            "overall": 0.05924105644226074,
            "0_rename": 0.02983236312866211
        }
    }
}