{
    "total_runtime": 29.180150032043457,
    "num_documents": 1,
    "input_load_time": 0,
    "workflows": {
        "create_base_text_units": {
            "overall": 2.6705832481384277,
            "0_orderby": 0.0024955272674560547,
            "1_zip": 0.003078460693359375,
            "2_aggregate_override": 0.004994869232177734,
            "3_chunk": 2.612654685974121,
            "4_select": 0.0043256282806396484,
            "5_unroll": 0.005904674530029297,
            "6_rename": 0.004252195358276367,
            "7_genid": 0.005121469497680664,
            "8_unzip": 0.005524396896362305,
            "9_copy": 0.004769563674926758,
            "10_filter": 0.015211820602416992
        },
        "create_base_extracted_entities": {
            "overall": 0.09089803695678711,
            "0_entity_extract": 0.06091904640197754,
            "1_snapshot": 0.0065805912017822266,
            "2_merge_graphs": 0.012544393539428711,
            "3_snapshot_rows": 0.006274700164794922
        },
        "create_final_covariates": {
            "overall": 0.07063531875610352,
            "0_extract_covariates": 0.0231783390045166,
            "1_window": 0.0066318511962890625,
            "2_genid": 0.006591081619262695,
            "3_convert": 0.013949155807495117,
            "4_rename": 0.007079601287841797,
            "5_select": 0.007414340972900391
        },
        "create_summarized_entities": {
            "overall": 3.3027167320251465,
            "0_summarize_descriptions": 3.282243013381958,
            "1_snapshot_rows": 0.013056278228759766
        },
        "join_text_units_to_covariate_ids": {
            "overall": 0.03378629684448242,
            "0_select": 0.010504961013793945,
            "1_aggregate_override": 0.01357269287109375
        },
        "create_base_entity_graph": {
            "overall": 0.05991339683532715,
            "0_cluster_graph": 0.019699811935424805,
            "1_snapshot_rows": 0.01019740104675293,
            "2_snapshot_rows": 0.010572433471679688,
            "3_select": 0.010233163833618164
        },
        "create_final_entities": {
            "overall": 3.1639161109924316,
            "0_unpack_graph": 0.012994527816772461,
            "1_rename": 0.010725736618041992,
            "2_select": 0.011061668395996094,
            "3_dedupe": 0.011548519134521484,
            "4_rename": 0.011636495590209961,
            "5_filter": 0.026484012603759766,
            "6_text_split": 0.013098716735839844,
            "7_drop": 0.012351274490356445,
            "8_merge": 0.020868539810180664,
            "9_text_embed": 2.974980115890503,
            "10_drop": 0.013944149017333984,
            "11_filter": 0.03373122215270996
        },
        "create_final_nodes": {
            "overall": 0.26394152641296387,
            "0_layout_graph": 0.023466110229492188,
            "1_unpack_graph": 0.01732945442199707,
            "2_unpack_graph": 0.017630577087402344,
            "3_drop": 0.015155315399169922,
            "4_filter": 0.03385329246520996,
            "5_select": 0.015584468841552734,
            "6_snapshot": 0.016258716583251953,
            "7_rename": 0.016147851943969727,
            "8_convert": 0.052132606506347656,
            "9_join": 0.023560285568237305,
            "10_rename": 0.017218828201293945
        },
        "create_final_communities": {
            "overall": 0.3461446762084961,
            "0_unpack_graph": 0.01957249641418457,
            "1_unpack_graph": 0.019342660903930664,
            "2_aggregate_override": 0.019263505935668945,
            "3_join": 0.023356199264526367,
            "4_join": 0.023485183715820312,
            "5_concat": 0.017670631408691406,
            "6_filter": 0.04018211364746094,
            "7_aggregate_override": 0.021552085876464844,
            "8_join": 0.024153947830200195,
            "9_filter": 0.04337954521179199,
            "10_fill": 0.018627643585205078,
            "11_merge": 0.020611047744750977,
            "12_copy": 0.0189359188079834,
            "13_select": 0.019249439239501953
        },
        "join_text_units_to_entity_ids": {
            "overall": 0.08675074577331543,
            "0_select": 0.021148204803466797,
            "1_unroll": 0.021683692932128906,
            "2_aggregate_override": 0.023270845413208008
        },
        "create_final_relationships": {
            "overall": 0.3157517910003662,
            "0_unpack_graph": 0.027561187744140625,
            "1_filter": 0.05464315414428711,
            "2_rename": 0.025830984115600586,
            "3_filter": 0.0561060905456543,
            "4_drop": 0.0266721248626709,
            "5_compute_edge_combined_degree": 0.030887365341186523,
            "6_convert": 0.04618501663208008,
            "7_convert": 0.02285289764404297
        },
        "join_text_units_to_relationship_ids": {
            "overall": 0.17031025886535645,
            "0_select": 0.02389979362487793,
            "1_unroll": 0.025986909866333008,
            "2_aggregate_override": 0.04339003562927246,
            "3_select": 0.054044485092163086
        },
        "create_final_community_reports": {
            "overall": 13.400190353393555,
            "0_prepare_community_reports_nodes": 0.04136037826538086,
            "1_prepare_community_reports_edges": 0.04189872741699219,
            "2_prepare_community_reports_claims": 0.030936479568481445,
            "3_restore_community_hierarchy": 0.028499603271484375,
            "4_prepare_community_reports": 0.051226139068603516,
            "5_create_community_reports": 13.132091045379639,
            "6_window": 0.03489494323730469
        },
        "create_final_text_units": {
            "overall": 0.23633313179016113,
            "0_select": 0.02706623077392578,
            "1_rename": 0.027374744415283203,
            "2_join": 0.03216671943664551,
            "3_join": 0.03322911262512207,
            "4_join": 0.03176689147949219,
            "5_aggregate_override": 0.029731273651123047,
            "6_select": 0.02850031852722168
        },
        "create_base_documents": {
            "overall": 0.30353355407714844,
            "0_unroll": 0.029690265655517578,
            "1_select": 0.028276443481445312,
            "2_rename": 0.031325340270996094,
            "3_join": 0.03413271903991699,
            "4_aggregate_override": 0.030153274536132812,
            "5_join": 0.03385615348815918,
            "6_rename": 0.028954267501831055,
            "7_convert": 0.059561967849731445
        },
        "create_final_documents": {
            "overall": 0.09815716743469238,
            "0_rename": 0.048792362213134766
        }
    }
}