{
    "total_runtime": 147.6581654548645,
    "num_documents": 64,
    "input_load_time": 0,
    "workflows": {
        "create_base_text_units": {
            "overall": 2.7462286949157715,
            "0_orderby": 0.003068208694458008,
            "1_zip": 0.003448486328125,
            "2_aggregate_override": 0.0065577030181884766,
            "3_chunk": 2.6436896324157715,
            "4_select": 0.00787210464477539,
            "5_unroll": 0.00989675521850586,
            "6_rename": 0.007309436798095703,
            "7_genid": 0.008963584899902344,
            "8_unzip": 0.014647722244262695,
            "9_copy": 0.008354663848876953,
            "10_filter": 0.029761552810668945
        },
        "create_base_extracted_entities": {
            "overall": 0.21096205711364746,
            "0_entity_extract": 0.15164780616760254,
            "1_snapshot": 0.01271200180053711,
            "2_merge_graphs": 0.03576517105102539,
            "3_snapshot_rows": 0.006317853927612305
        },
        "create_final_covariates": {
            "overall": 0.1102750301361084,
            "0_extract_covariates": 0.06186342239379883,
            "1_window": 0.007267951965332031,
            "2_genid": 0.0067615509033203125,
            "3_convert": 0.013703346252441406,
            "4_rename": 0.006945133209228516,
            "5_select": 0.0072748661041259766
        },
        "create_summarized_entities": {
            "overall": 3.762131452560425,
            "0_summarize_descriptions": 3.744182825088501,
            "1_snapshot_rows": 0.010722875595092773
        },
        "join_text_units_to_covariate_ids": {
            "overall": 0.029675722122192383,
            "0_select": 0.008826971054077148,
            "1_aggregate_override": 0.012975931167602539
        },
        "create_base_entity_graph": {
            "overall": 0.10290336608886719,
            "0_cluster_graph": 0.04865288734436035,
            "1_snapshot_rows": 0.011323213577270508,
            "2_snapshot_rows": 0.017169475555419922,
            "3_select": 0.016445159912109375
        },
        "create_final_entities": {
            "overall": 0.2890956401824951,
            "0_unpack_graph": 0.024166345596313477,
            "1_rename": 0.01109170913696289,
            "2_select": 0.011318206787109375,
            "3_dedupe": 0.011694192886352539,
            "4_rename": 0.01141214370727539,
            "5_filter": 0.027308940887451172,
            "6_text_split": 0.013074874877929688,
            "7_drop": 0.01248025894165039,
            "8_merge": 0.026816129684448242,
            "9_text_embed": 0.08320236206054688,
            "10_drop": 0.014818668365478516,
            "11_filter": 0.03112626075744629
        },
        "create_final_nodes": {
            "overall": 0.41034698486328125,
            "0_layout_graph": 0.0764310359954834,
            "1_unpack_graph": 0.03630352020263672,
            "2_unpack_graph": 0.03642106056213379,
            "3_filter": 0.04198169708251953,
            "4_drop": 0.01893448829650879,
            "5_select": 0.01901984214782715,
            "6_snapshot": 0.019846677780151367,
            "7_rename": 0.02574443817138672,
            "8_convert": 0.07630467414855957,
            "9_join": 0.025574922561645508,
            "10_rename": 0.017142295837402344
        },
        "create_final_communities": {
            "overall": 0.4857208728790283,
            "0_unpack_graph": 0.051256656646728516,
            "1_unpack_graph": 0.04024481773376465,
            "2_aggregate_override": 0.021026611328125,
            "3_join": 0.02645087242126465,
            "4_join": 0.026758909225463867,
            "5_concat": 0.020288944244384766,
            "6_filter": 0.05961966514587402,
            "7_aggregate_override": 0.04149794578552246,
            "8_join": 0.025415897369384766,
            "9_filter": 0.046831369400024414,
            "10_fill": 0.021172285079956055,
            "11_merge": 0.02706599235534668,
            "12_copy": 0.021654605865478516,
            "13_select": 0.029741525650024414
        },
        "join_text_units_to_entity_ids": {
            "overall": 0.09024167060852051,
            "0_select": 0.021564245223999023,
            "1_unroll": 0.02213907241821289,
            "2_aggregate_override": 0.027086734771728516
        },
        "create_final_relationships": {
            "overall": 0.34492015838623047,
            "0_unpack_graph": 0.03634834289550781,
            "1_filter": 0.04895615577697754,
            "2_rename": 0.025852203369140625,
            "3_filter": 0.05188727378845215,
            "4_drop": 0.02311086654663086,
            "5_compute_edge_combined_degree": 0.03882741928100586,
            "6_convert": 0.07388758659362793,
            "7_convert": 0.024303197860717773
        },
        "join_text_units_to_relationship_ids": {
            "overall": 0.13468074798583984,
            "0_select": 0.024667024612426758,
            "1_unroll": 0.02707219123840332,
            "2_aggregate_override": 0.030937671661376953,
            "3_select": 0.026129484176635742
        },
        "create_final_community_reports": {
            "overall": 133.8330421447754,
            "0_prepare_community_reports_nodes": 0.028036832809448242,
            "1_prepare_community_reports_edges": 0.028266191482543945,
            "2_prepare_community_reports_claims": 0.027315139770507812,
            "3_restore_community_hierarchy": 0.03055739402770996,
            "4_prepare_community_reports": 0.2009601593017578,
            "5_create_community_reports": 133.45376753807068,
            "6_window": 0.03887224197387695
        },
        "create_final_text_units": {
            "overall": 0.23260903358459473,
            "0_select": 0.026566505432128906,
            "1_rename": 0.026167869567871094,
            "2_join": 0.03184342384338379,
            "3_join": 0.0323488712310791,
            "4_join": 0.03194284439086914,
            "5_aggregate_override": 0.029421567916870117,
            "6_select": 0.027460575103759766
        },
        "create_base_documents": {
            "overall": 0.3943042755126953,
            "0_unroll": 0.03005385398864746,
            "1_select": 0.03799939155578613,
            "2_rename": 0.03559231758117676,
            "3_join": 0.03334355354309082,
            "4_aggregate_override": 0.030629634857177734,
            "5_join": 0.033327341079711914,
            "6_rename": 0.031091928482055664,
            "7_convert": 0.13431382179260254
        },
        "create_final_documents": {
            "overall": 0.06069183349609375,
            "0_rename": 0.030823469161987305
        }
    }
}