{
    "total_runtime": 56.41737389564514,
    "num_documents": 1,
    "input_load_time": 0,
    "workflows": {
        "create_base_text_units": {
            "overall": 49.212164640426636,
            "0_orderby": 0.0026369094848632812,
            "1_zip": 0.0030739307403564453,
            "2_aggregate_override": 0.005380153656005859,
            "3_chunk": 49.15835905075073,
            "4_select": 0.0038232803344726562,
            "5_unroll": 0.0053026676177978516,
            "6_rename": 0.003741741180419922,
            "7_genid": 0.0047113895416259766,
            "8_unzip": 0.004897594451904297,
            "9_copy": 0.004086971282958984,
            "10_filter": 0.013931751251220703
        },
        "create_base_extracted_entities": {
            "overall": 0.13189148902893066,
            "0_entity_extract": 0.08508801460266113,
            "1_snapshot": 0.008756637573242188,
            "2_merge_graphs": 0.02701711654663086,
            "3_snapshot_rows": 0.0063915252685546875
        },
        "create_final_covariates": {
            "overall": 0.10854101181030273,
            "0_extract_covariates": 0.036477088928222656,
            "1_window": 0.011012792587280273,
            "2_genid": 0.010763883590698242,
            "3_convert": 0.022657155990600586,
            "4_rename": 0.011475801467895508,
            "5_select": 0.009917974472045898
        },
        "create_summarized_entities": {
            "overall": 0.16340160369873047,
            "0_summarize_descriptions": 0.14193487167358398,
            "1_snapshot_rows": 0.009700536727905273
        },
        "join_text_units_to_covariate_ids": {
            "overall": 0.03021693229675293,
            "0_select": 0.009344100952148438,
            "1_aggregate_override": 0.012464046478271484
        },
        "create_base_entity_graph": {
            "overall": 0.08347630500793457,
            "0_cluster_graph": 0.0421910285949707,
            "1_snapshot_rows": 0.010608434677124023,
            "2_snapshot_rows": 0.010751724243164062,
            "3_select": 0.010532617568969727
        },
        "create_final_entities": {
            "overall": 0.3587794303894043,
            "0_unpack_graph": 0.020663976669311523,
            "1_rename": 0.01089620590209961,
            "2_select": 0.011313438415527344,
            "3_dedupe": 0.011625289916992188,
            "4_rename": 0.01149892807006836,
            "5_filter": 0.04033613204956055,
            "6_text_split": 0.014295578002929688,
            "7_drop": 0.012623310089111328,
            "8_merge": 0.043775081634521484,
            "9_text_embed": 0.1268923282623291,
            "10_drop": 0.013417482376098633,
            "11_filter": 0.03090071678161621
        },
        "create_final_nodes": {
            "overall": 0.3446619510650635,
            "0_layout_graph": 0.050336599349975586,
            "1_unpack_graph": 0.026495695114135742,
            "2_unpack_graph": 0.0258023738861084,
            "3_filter": 0.03403329849243164,
            "4_drop": 0.015665769577026367,
            "5_select": 0.01631641387939453,
            "6_snapshot": 0.01643085479736328,
            "7_rename": 0.016113996505737305,
            "8_convert": 0.06703448295593262,
            "9_join": 0.034783363342285156,
            "10_rename": 0.02652907371520996
        },
        "create_final_communities": {
            "overall": 0.36780881881713867,
            "0_unpack_graph": 0.02784442901611328,
            "1_unpack_graph": 0.02594923973083496,
            "2_aggregate_override": 0.019503355026245117,
            "3_join": 0.0241854190826416,
            "4_join": 0.02377033233642578,
            "5_concat": 0.01845526695251465,
            "6_filter": 0.04159832000732422,
            "7_aggregate_override": 0.0209653377532959,
            "8_join": 0.024121999740600586,
            "9_filter": 0.04159998893737793,
            "10_fill": 0.019412755966186523,
            "11_merge": 0.02206587791442871,
            "12_copy": 0.020414113998413086,
            "13_select": 0.020827054977416992
        },
        "join_text_units_to_entity_ids": {
            "overall": 0.08910465240478516,
            "0_select": 0.02152276039123535,
            "1_unroll": 0.022533655166625977,
            "2_aggregate_override": 0.02405095100402832
        },
        "create_final_relationships": {
            "overall": 0.32515859603881836,
            "0_unpack_graph": 0.037369489669799805,
            "1_filter": 0.07646417617797852,
            "2_rename": 0.022313594818115234,
            "3_filter": 0.048386573791503906,
            "4_drop": 0.0226747989654541,
            "5_compute_edge_combined_degree": 0.0265505313873291,
            "6_convert": 0.04639315605163574,
            "7_convert": 0.02324986457824707
        },
        "join_text_units_to_relationship_ids": {
            "overall": 0.13823246955871582,
            "0_select": 0.030750751495361328,
            "1_unroll": 0.024880409240722656,
            "2_aggregate_override": 0.026641368865966797,
            "3_select": 0.02412247657775879
        },
        "create_final_community_reports": {
            "overall": 0.2756528854370117,
            "0_prepare_community_reports_nodes": 0.027649641036987305,
            "1_prepare_community_reports_edges": 0.026955842971801758,
            "2_prepare_community_reports_claims": 0.027189970016479492,
            "3_restore_community_hierarchy": 0.04467153549194336,
            "4_prepare_community_reports": 0.06414365768432617,
            "5_create_community_reports": 0.03212904930114746,
            "6_window": 0.0271909236907959
        },
        "create_final_text_units": {
            "overall": 0.25916242599487305,
            "0_select": 0.02990126609802246,
            "1_rename": 0.029109716415405273,
            "2_join": 0.03443646430969238,
            "3_join": 0.03553175926208496,
            "4_join": 0.03624582290649414,
            "5_aggregate_override": 0.03412604331970215,
            "6_select": 0.031179428100585938
        },
        "create_base_documents": {
            "overall": 0.3179640769958496,
            "0_unroll": 0.031213760375976562,
            "1_select": 0.029896259307861328,
            "2_rename": 0.03013777732849121,
            "3_join": 0.034028053283691406,
            "4_aggregate_override": 0.03193521499633789,
            "5_join": 0.03612947463989258,
            "6_rename": 0.031566619873046875,
            "7_convert": 0.06305575370788574
        },
        "create_final_documents": {
            "overall": 0.06809306144714355,
            "0_rename": 0.03497910499572754
        }
    }
}