{
    "total_runtime": 1927.0173079967499,
    "num_documents": 64,
    "input_load_time": 0,
    "workflows": {
        "create_base_text_units": {
            "overall": 2.7962701320648193,
            "0_orderby": 0.0028362274169921875,
            "1_zip": 0.003136873245239258,
            "2_aggregate_override": 0.0058214664459228516,
            "3_chunk": 2.7412614822387695,
            "4_select": 0.0039751529693603516,
            "5_unroll": 0.005317211151123047,
            "6_rename": 0.004209995269775391,
            "7_genid": 0.004753828048706055,
            "8_unzip": 0.00482630729675293,
            "9_copy": 0.004189014434814453,
            "10_filter": 0.013643026351928711
        },
        "create_base_extracted_entities": {
            "overall": 653.8703165054321,
            "0_entity_extract": 653.778082370758,
            "1_snapshot": 0.015101432800292969,
            "2_merge_graphs": 0.06114912033081055,
            "3_snapshot_rows": 0.010198593139648438
        },
        "create_final_covariates": {
            "overall": 129.581059217453,
            "0_extract_covariates": 129.52952694892883,
            "1_window": 0.007836580276489258,
            "2_genid": 0.007229804992675781,
            "3_convert": 0.014640331268310547,
            "4_rename": 0.007726907730102539,
            "5_select": 0.008048534393310547
        },
        "create_summarized_entities": {
            "overall": 17.85185980796814,
            "0_summarize_descriptions": 17.832828998565674,
            "1_snapshot_rows": 0.011249065399169922
        },
        "join_text_units_to_covariate_ids": {
            "overall": 0.05741381645202637,
            "0_select": 0.014420509338378906,
            "1_aggregate_override": 0.029886484146118164
        },
        "create_base_entity_graph": {
            "overall": 0.10694718360900879,
            "0_cluster_graph": 0.06371021270751953,
            "1_snapshot_rows": 0.011679887771606445,
            "2_snapshot_rows": 0.011666059494018555,
            "3_select": 0.010746955871582031
        },
        "create_final_entities": {
            "overall": 7.708732843399048,
            "0_unpack_graph": 0.027599573135375977,
            "1_rename": 0.010807514190673828,
            "2_select": 0.011177539825439453,
            "3_dedupe": 0.011611461639404297,
            "4_rename": 0.01151275634765625,
            "5_filter": 0.026514291763305664,
            "6_text_split": 0.013342618942260742,
            "7_drop": 0.014505863189697266,
            "8_merge": 0.051068782806396484,
            "9_text_embed": 7.470597267150879,
            "10_drop": 0.01665520668029785,
            "11_filter": 0.03275656700134277
        },
        "create_final_nodes": {
            "overall": 0.3357055187225342,
            "0_layout_graph": 0.0758826732635498,
            "1_unpack_graph": 0.03549671173095703,
            "2_unpack_graph": 0.03305196762084961,
            "3_drop": 0.014429330825805664,
            "4_filter": 0.03305363655090332,
            "5_select": 0.014794111251831055,
            "6_snapshot": 0.015407562255859375,
            "7_rename": 0.01482248306274414,
            "8_convert": 0.04729342460632324,
            "9_join": 0.022235393524169922,
            "10_rename": 0.015724897384643555
        },
        "create_final_communities": {
            "overall": 0.4190659523010254,
            "0_unpack_graph": 0.03598618507385254,
            "1_unpack_graph": 0.03563499450683594,
            "2_aggregate_override": 0.019418716430664062,
            "3_join": 0.02487921714782715,
            "4_join": 0.025098562240600586,
            "5_concat": 0.018038511276245117,
            "6_filter": 0.06842470169067383,
            "7_aggregate_override": 0.024503707885742188,
            "8_join": 0.023648977279663086,
            "9_filter": 0.04180741310119629,
            "10_fill": 0.018729209899902344,
            "11_merge": 0.02693915367126465,
            "12_copy": 0.019350767135620117,
            "13_select": 0.01973700523376465
        },
        "join_text_units_to_entity_ids": {
            "overall": 0.08748888969421387,
            "0_select": 0.020452022552490234,
            "1_unroll": 0.022159576416015625,
            "2_aggregate_override": 0.024971961975097656
        },
        "create_final_relationships": {
            "overall": 0.2949197292327881,
            "0_unpack_graph": 0.03918290138244629,
            "1_filter": 0.045438289642333984,
            "2_rename": 0.02144479751586914,
            "3_filter": 0.0506596565246582,
            "4_drop": 0.021946191787719727,
            "5_compute_edge_combined_degree": 0.02573704719543457,
            "6_convert": 0.0467679500579834,
            "7_convert": 0.02341151237487793
        },
        "join_text_units_to_relationship_ids": {
            "overall": 0.15010499954223633,
            "0_select": 0.024741172790527344,
            "1_unroll": 0.025096893310546875,
            "2_aggregate_override": 0.03417158126831055,
            "3_select": 0.030704736709594727
        },
        "create_final_community_reports": {
            "overall": 1107.9269397258759,
            "0_prepare_community_reports_nodes": 0.027368545532226562,
            "1_prepare_community_reports_edges": 0.027481555938720703,
            "2_prepare_community_reports_claims": 0.0261385440826416,
            "3_restore_community_hierarchy": 0.03037285804748535,
            "4_prepare_community_reports": 0.21055150032043457,
            "5_create_community_reports": 1107.5518345832825,
            "6_window": 0.028660297393798828
        },
        "create_final_text_units": {
            "overall": 0.2331066131591797,
            "0_select": 0.02630782127380371,
            "1_rename": 0.02686285972595215,
            "2_join": 0.03212308883666992,
            "3_join": 0.032187461853027344,
            "4_join": 0.032216548919677734,
            "5_aggregate_override": 0.029979705810546875,
            "6_select": 0.02765655517578125
        },
        "create_base_documents": {
            "overall": 0.434389591217041,
            "0_unroll": 0.030913114547729492,
            "1_select": 0.029415130615234375,
            "2_rename": 0.029349803924560547,
            "3_join": 0.04100155830383301,
            "4_aggregate_override": 0.04410409927368164,
            "5_join": 0.048864126205444336,
            "6_rename": 0.042774200439453125,
            "7_convert": 0.13347768783569336
        },
        "create_final_documents": {
            "overall": 0.06160783767700195,
            "0_rename": 0.031085968017578125
        }
    }
}