{
    "total_runtime": 9.969790935516357,
    "num_documents": 64,
    "input_load_time": 0,
    "workflows": {
        "create_base_text_units": {
            "overall": 2.654796600341797,
            "0_orderby": 0.002573728561401367,
            "1_zip": 0.0029752254486083984,
            "2_aggregate_override": 0.005604982376098633,
            "3_chunk": 2.602367401123047,
            "4_select": 0.0038864612579345703,
            "5_unroll": 0.005075216293334961,
            "6_rename": 0.003658294677734375,
            "7_genid": 0.004427909851074219,
            "8_unzip": 0.004712581634521484,
            "9_copy": 0.0040700435638427734,
            "10_filter": 0.013245820999145508
        },
        "create_base_extracted_entities": {
            "overall": 0.19206905364990234,
            "0_entity_extract": 0.11839699745178223,
            "1_snapshot": 0.009889841079711914,
            "2_merge_graphs": 0.0492551326751709,
            "3_snapshot_rows": 0.009817838668823242
        },
        "create_final_covariates": {
            "overall": 0.14741921424865723,
            "0_extract_covariates": 0.0733795166015625,
            "1_window": 0.011744260787963867,
            "2_genid": 0.01056218147277832,
            "3_convert": 0.022380352020263672,
            "4_rename": 0.011389017105102539,
            "5_select": 0.011724472045898438
        },
        "create_summarized_entities": {
            "overall": 0.0757589340209961,
            "0_summarize_descriptions": 0.05946993827819824,
            "1_snapshot_rows": 0.008748054504394531
        },
        "join_text_units_to_covariate_ids": {
            "overall": 0.030627727508544922,
            "0_select": 0.008996963500976562,
            "1_aggregate_override": 0.01342630386352539
        },
        "create_base_entity_graph": {
            "overall": 0.09293603897094727,
            "0_cluster_graph": 0.05227923393249512,
            "1_snapshot_rows": 0.010994911193847656,
            "2_snapshot_rows": 0.010647296905517578,
            "3_select": 0.010019063949584961
        },
        "create_final_entities": {
            "overall": 0.3250925540924072,
            "0_unpack_graph": 0.04253435134887695,
            "1_rename": 0.017610549926757812,
            "2_select": 0.017896413803100586,
            "3_dedupe": 0.01411890983581543,
            "4_rename": 0.011400222778320312,
            "5_filter": 0.02693772315979004,
            "6_text_split": 0.01305532455444336,
            "7_drop": 0.013520956039428711,
            "8_merge": 0.02697587013244629,
            "9_text_embed": 0.0808572769165039,
            "10_drop": 0.013527631759643555,
            "11_filter": 0.02999424934387207
        },
        "create_final_nodes": {
            "overall": 0.31062769889831543,
            "0_layout_graph": 0.06163787841796875,
            "1_unpack_graph": 0.02843189239501953,
            "2_unpack_graph": 0.028206348419189453,
            "3_drop": 0.014379501342773438,
            "4_filter": 0.03215670585632324,
            "5_select": 0.014874696731567383,
            "6_snapshot": 0.015637636184692383,
            "7_rename": 0.015283823013305664,
            "8_join": 0.021708250045776367,
            "9_convert": 0.048711538314819336,
            "10_rename": 0.016303300857543945
        },
        "create_final_communities": {
            "overall": 0.3961451053619385,
            "0_unpack_graph": 0.030707597732543945,
            "1_unpack_graph": 0.031411170959472656,
            "2_aggregate_override": 0.019069910049438477,
            "3_join": 0.023255586624145508,
            "4_join": 0.025738000869750977,
            "5_concat": 0.01799154281616211,
            "6_filter": 0.05602860450744629,
            "7_aggregate_override": 0.023206233978271484,
            "8_join": 0.024313926696777344,
            "9_filter": 0.045374393463134766,
            "10_fill": 0.019327402114868164,
            "11_merge": 0.023917198181152344,
            "12_copy": 0.01953911781311035,
            "13_select": 0.02001667022705078
        },
        "join_text_units_to_entity_ids": {
            "overall": 0.08590173721313477,
            "0_select": 0.020113706588745117,
            "1_unroll": 0.02158498764038086,
            "2_aggregate_override": 0.024282217025756836
        },
        "create_final_relationships": {
            "overall": 0.2943756580352783,
            "0_unpack_graph": 0.03653717041015625,
            "1_filter": 0.04707622528076172,
            "2_rename": 0.021846294403076172,
            "3_filter": 0.050153493881225586,
            "4_drop": 0.02250385284423828,
            "5_compute_edge_combined_degree": 0.02614736557006836,
            "6_convert": 0.04590916633605957,
            "7_convert": 0.023035764694213867
        },
        "join_text_units_to_relationship_ids": {
            "overall": 0.12403082847595215,
            "0_select": 0.02387261390686035,
            "1_unroll": 0.02511739730834961,
            "2_aggregate_override": 0.02739405632019043,
            "3_select": 0.024178504943847656
        },
        "create_final_community_reports": {
            "overall": 0.38410019874572754,
            "0_prepare_community_reports_nodes": 0.026427268981933594,
            "1_prepare_community_reports_edges": 0.02639031410217285,
            "2_prepare_community_reports_claims": 0.026607751846313477,
            "3_restore_community_hierarchy": 0.02945423126220703,
            "4_prepare_community_reports": 0.17209935188293457,
            "5_create_community_reports": 0.05221223831176758,
            "6_window": 0.026860475540161133
        },
        "create_final_text_units": {
            "overall": 0.28064393997192383,
            "0_select": 0.02658224105834961,
            "1_rename": 0.02612018585205078,
            "2_join": 0.04822397232055664,
            "3_join": 0.06144881248474121,
            "4_join": 0.03302788734436035,
            "5_aggregate_override": 0.0302734375,
            "6_select": 0.028520584106445312
        },
        "create_base_documents": {
            "overall": 0.34406280517578125,
            "0_unroll": 0.029914379119873047,
            "1_select": 0.031237363815307617,
            "2_rename": 0.029943227767944336,
            "3_join": 0.035101890563964844,
            "4_aggregate_override": 0.03212714195251465,
            "5_join": 0.034873008728027344,
            "6_rename": 0.03006601333618164,
            "7_convert": 0.0924539566040039
        },
        "create_final_documents": {
            "overall": 0.07196760177612305,
            "0_rename": 0.03121018409729004
        }
    }
}