{
    "total_runtime": 2046.8749947547913,
    "num_documents": 64,
    "input_load_time": 0,
    "workflows": {
        "create_base_text_units": {
            "overall": 2.7962045669555664,
            "0_orderby": 0.004025936126708984,
            "1_zip": 0.005414009094238281,
            "2_aggregate_override": 0.009412527084350586,
            "3_chunk": 2.706766366958618,
            "4_select": 0.005749225616455078,
            "5_unroll": 0.007614850997924805,
            "6_rename": 0.006685733795166016,
            "7_genid": 0.008378744125366211,
            "8_unzip": 0.008745908737182617,
            "9_copy": 0.007819414138793945,
            "10_filter": 0.022408485412597656
        },
        "create_base_extracted_entities": {
            "overall": 401.1539556980133,
            "0_entity_extract": 401.07398533821106,
            "1_snapshot": 0.012564659118652344,
            "2_merge_graphs": 0.050750017166137695,
            "3_snapshot_rows": 0.008971691131591797
        },
        "create_final_covariates": {
            "overall": 150.96365404129028,
            "0_extract_covariates": 150.86667156219482,
            "1_window": 0.013431072235107422,
            "2_genid": 0.0157012939453125,
            "3_convert": 0.028574705123901367,
            "4_rename": 0.013751506805419922,
            "5_select": 0.014266490936279297
        },
        "create_summarized_entities": {
            "overall": 22.351902723312378,
            "0_summarize_descriptions": 22.32500123977661,
            "1_snapshot_rows": 0.015237569808959961
        },
        "join_text_units_to_covariate_ids": {
            "overall": 0.05122661590576172,
            "0_select": 0.015517711639404297,
            "1_aggregate_override": 0.021246671676635742
        },
        "create_base_entity_graph": {
            "overall": 0.18405818939208984,
            "0_cluster_graph": 0.11891293525695801,
            "1_snapshot_rows": 0.017283201217651367,
            "2_snapshot_rows": 0.017171621322631836,
            "3_select": 0.016635417938232422
        },
        "create_final_entities": {
            "overall": 21.535502195358276,
            "0_unpack_graph": 0.04795360565185547,
            "1_rename": 0.019295454025268555,
            "2_select": 0.01920294761657715,
            "3_dedupe": 0.020090103149414062,
            "4_rename": 0.01598191261291504,
            "5_filter": 0.03757357597351074,
            "6_text_split": 0.018633365631103516,
            "7_drop": 0.01744699478149414,
            "8_merge": 0.044378042221069336,
            "9_text_embed": 21.209752559661865,
            "10_drop": 0.02173900604248047,
            "11_filter": 0.04866313934326172
        },
        "create_final_nodes": {
            "overall": 0.6263482570648193,
            "0_layout_graph": 0.1540205478668213,
            "1_unpack_graph": 0.05861210823059082,
            "2_unpack_graph": 0.056099653244018555,
            "3_filter": 0.08298254013061523,
            "4_drop": 0.025693178176879883,
            "5_select": 0.026073932647705078,
            "6_snapshot": 0.027097225189208984,
            "7_rename": 0.025308847427368164,
            "8_convert": 0.08147954940795898,
            "9_join": 0.0362241268157959,
            "10_rename": 0.028804302215576172
        },
        "create_final_communities": {
            "overall": 0.6905646324157715,
            "0_unpack_graph": 0.058913469314575195,
            "1_unpack_graph": 0.05949068069458008,
            "2_aggregate_override": 0.028946638107299805,
            "3_join": 0.039830684661865234,
            "4_join": 0.038259029388427734,
            "5_concat": 0.02721261978149414,
            "6_filter": 0.16706037521362305,
            "7_aggregate_override": 0.03757429122924805,
            "8_join": 0.03777933120727539,
            "9_filter": 0.058441162109375,
            "10_fill": 0.02622222900390625,
            "11_merge": 0.029943466186523438,
            "12_copy": 0.022439002990722656,
            "13_select": 0.025300025939941406
        },
        "join_text_units_to_entity_ids": {
            "overall": 0.11664152145385742,
            "0_select": 0.03599381446838379,
            "1_unroll": 0.030259370803833008,
            "2_aggregate_override": 0.029433250427246094
        },
        "create_final_relationships": {
            "overall": 0.48922157287597656,
            "0_unpack_graph": 0.06506943702697754,
            "1_filter": 0.07613062858581543,
            "2_rename": 0.03663134574890137,
            "3_filter": 0.08174967765808105,
            "4_drop": 0.03820157051086426,
            "5_compute_edge_combined_degree": 0.045111894607543945,
            "6_convert": 0.0812232494354248,
            "7_convert": 0.030641794204711914
        },
        "join_text_units_to_relationship_ids": {
            "overall": 0.2958657741546631,
            "0_select": 0.04567670822143555,
            "1_unroll": 0.046375274658203125,
            "2_aggregate_override": 0.07014298439025879,
            "3_select": 0.09053611755371094
        },
        "create_final_community_reports": {
            "overall": 1439.5490934848785,
            "0_prepare_community_reports_nodes": 0.047183990478515625,
            "1_prepare_community_reports_edges": 0.04753923416137695,
            "2_prepare_community_reports_claims": 0.04390835762023926,
            "3_restore_community_hierarchy": 0.049359798431396484,
            "4_prepare_community_reports": 0.35246968269348145,
            "5_create_community_reports": 1438.9416115283966,
            "6_window": 0.027364492416381836
        },
        "create_final_text_units": {
            "overall": 0.34004950523376465,
            "0_select": 0.08191537857055664,
            "1_rename": 0.02842116355895996,
            "2_join": 0.031822919845581055,
            "3_join": 0.03222322463989258,
            "4_join": 0.04770779609680176,
            "5_aggregate_override": 0.0485382080078125,
            "6_select": 0.03829646110534668
        },
        "create_base_documents": {
            "overall": 0.33234095573425293,
            "0_unroll": 0.02935504913330078,
            "1_select": 0.02880382537841797,
            "2_rename": 0.0278778076171875,
            "3_join": 0.033185482025146484,
            "4_aggregate_override": 0.03202533721923828,
            "5_join": 0.03355693817138672,
            "6_rename": 0.030763864517211914,
            "7_convert": 0.0897209644317627
        },
        "create_final_documents": {
            "overall": 0.06937456130981445,
            "0_rename": 0.0309445858001709
        }
    }
}