{
    "total_runtime": 4.047323942184448,
    "num_documents": 1,
    "input_load_time": 0,
    "workflows": {
        "create_base_text_units": {
            "overall": 2.5855941772460938,
            "0_orderby": 0.002729654312133789,
            "1_zip": 0.003176450729370117,
            "2_aggregate_override": 0.005232572555541992,
            "3_chunk": 2.532586097717285,
            "4_select": 0.003696441650390625,
            "5_unroll": 0.0052738189697265625,
            "6_rename": 0.0037794113159179688,
            "7_genid": 0.00449061393737793,
            "8_unzip": 0.004662990570068359,
            "9_copy": 0.004131793975830078,
            "10_filter": 0.013556718826293945
        },
        "create_base_extracted_entities": {
            "overall": 0.17351818084716797,
            "0_entity_extract": 0.1238858699798584,
            "1_snapshot": 0.011998891830444336,
            "2_merge_graphs": 0.017513275146484375,
            "3_snapshot_rows": 0.011332273483276367
        },
        "create_final_covariates": {
            "overall": 0.07739925384521484,
            "0_extract_covariates": 0.026258230209350586,
            "1_window": 0.007154226303100586,
            "2_genid": 0.007051706314086914,
            "3_convert": 0.01484990119934082,
            "4_rename": 0.007601737976074219,
            "5_select": 0.007934331893920898
        },
        "create_summarized_entities": {
            "overall": 0.026020050048828125,
            "0_summarize_descriptions": 0.009513139724731445,
            "1_snapshot_rows": 0.008824825286865234
        },
        "join_text_units_to_covariate_ids": {
            "overall": 0.03012371063232422,
            "0_select": 0.00939488410949707,
            "1_aggregate_override": 0.012010812759399414
        }
    }
}