{
    "total_runtime": 4.0303053855896,
    "num_documents": 1,
    "input_load_time": 0,
    "workflows": {
        "create_base_text_units": {
            "overall": 2.7867002487182617,
            "0_orderby": 0.0027251243591308594,
            "1_zip": 0.003460407257080078,
            "2_aggregate_override": 0.005602598190307617,
            "3_chunk": 2.732755422592163,
            "4_select": 0.003743410110473633,
            "5_unroll": 0.005010843276977539,
            "6_rename": 0.0036771297454833984,
            "7_genid": 0.004486799240112305,
            "8_unzip": 0.004665374755859375,
            "9_copy": 0.004152774810791016,
            "10_filter": 0.014008760452270508
        },
        "create_base_extracted_entities": {
            "overall": 0.08740568161010742,
            "0_entity_extract": 0.06220746040344238,
            "1_snapshot": 0.005934953689575195,
            "2_merge_graphs": 0.008926630020141602,
            "3_snapshot_rows": 0.0058858394622802734
        },
        "create_final_covariates": {
            "overall": 0.0968010425567627,
            "0_extract_covariates": 0.0314638614654541,
            "1_window": 0.010316133499145508,
            "2_genid": 0.009979009628295898,
            "3_convert": 0.021434783935546875,
            "4_rename": 0.010680913925170898,
            "5_select": 0.007183551788330078
        },
        "create_summarized_entities": {
            "overall": 0.024143695831298828,
            "0_summarize_descriptions": 0.008646726608276367,
            "1_snapshot_rows": 0.008173704147338867
        },
        "join_text_units_to_covariate_ids": {
            "overall": 0.028099775314331055,
            "0_select": 0.00872802734375,
            "1_aggregate_override": 0.01112818717956543
        }
    }
}