{
    "total_runtime": 9.647857427597046,
    "num_documents": 64,
    "input_load_time": 0,
    "workflows": {
        "create_base_text_units": {
            "overall": 2.6482861042022705,
            "0_orderby": 0.0025022029876708984,
            "1_zip": 0.0028998851776123047,
            "2_aggregate_override": 0.005454063415527344,
            "3_chunk": 2.5897648334503174,
            "4_select": 0.004433631896972656,
            "5_unroll": 0.0057718753814697266,
            "6_rename": 0.004152059555053711,
            "7_genid": 0.005246162414550781,
            "8_unzip": 0.0054318904876708984,
            "9_copy": 0.004876613616943359,
            "10_filter": 0.01563096046447754
        },
        "create_base_extracted_entities": {
            "overall": 0.18574047088623047,
            "0_entity_extract": 0.13140654563903809,
            "1_snapshot": 0.009279966354370117,
            "2_merge_graphs": 0.03257036209106445,
            "3_snapshot_rows": 0.0071315765380859375
        },
        "create_final_covariates": {
            "overall": 0.11598610877990723,
            "0_extract_covariates": 0.061362504959106445,
            "1_window": 0.006788015365600586,
            "2_genid": 0.00640416145324707,
            "3_convert": 0.015623807907104492,
            "4_rename": 0.00854039192199707,
            "5_select": 0.010572671890258789
        },
        "create_summarized_entities": {
            "overall": 0.07396483421325684,
            "0_summarize_descriptions": 0.058039188385009766,
            "1_snapshot_rows": 0.008612632751464844
        },
        "join_text_units_to_covariate_ids": {
            "overall": 0.02809619903564453,
            "0_select": 0.008225202560424805,
            "1_aggregate_override": 0.012176752090454102
        },
        "create_base_entity_graph": {
            "overall": 0.0893244743347168,
            "0_cluster_graph": 0.049646615982055664,
            "1_snapshot_rows": 0.010528802871704102,
            "2_snapshot_rows": 0.010596036911010742,
            "3_select": 0.009832620620727539
        },
        "create_final_entities": {
            "overall": 0.2995750904083252,
            "0_unpack_graph": 0.0248110294342041,
            "1_rename": 0.010782241821289062,
            "2_select": 0.010947942733764648,
            "3_dedupe": 0.011467933654785156,
            "4_rename": 0.01128697395324707,
            "5_filter": 0.02617478370666504,
            "6_text_split": 0.012960433959960938,
            "7_drop": 0.01194453239440918,
            "8_merge": 0.028643131256103516,
            "9_text_embed": 0.09049820899963379,
            "10_drop": 0.015445947647094727,
            "11_filter": 0.034378767013549805
        },
        "create_final_nodes": {
            "overall": 0.3449058532714844,
            "0_layout_graph": 0.07328915596008301,
            "1_unpack_graph": 0.033921003341674805,
            "2_unpack_graph": 0.03429007530212402,
            "3_filter": 0.03747844696044922,
            "4_drop": 0.017287254333496094,
            "5_select": 0.016048431396484375,
            "6_snapshot": 0.01551961898803711,
            "7_rename": 0.015830516815185547,
            "8_convert": 0.047773122787475586,
            "9_join": 0.02174854278564453,
            "10_rename": 0.01593160629272461
        },
        "create_final_communities": {
            "overall": 0.3741466999053955,
            "0_unpack_graph": 0.029849529266357422,
            "1_unpack_graph": 0.028965234756469727,
            "2_aggregate_override": 0.018702983856201172,
            "3_join": 0.022465229034423828,
            "4_join": 0.022099971771240234,
            "5_concat": 0.016862869262695312,
            "6_filter": 0.05304718017578125,
            "7_aggregate_override": 0.021745681762695312,
            "8_join": 0.022650480270385742,
            "9_filter": 0.04006385803222656,
            "10_fill": 0.020572185516357422,
            "11_merge": 0.024052858352661133,
            "12_copy": 0.01855015754699707,
            "13_select": 0.018823862075805664
        },
        "join_text_units_to_entity_ids": {
            "overall": 0.09909224510192871,
            "0_select": 0.02350926399230957,
            "1_unroll": 0.024680614471435547,
            "2_aggregate_override": 0.027999162673950195
        },
        "create_final_relationships": {
            "overall": 0.2899453639984131,
            "0_unpack_graph": 0.03607797622680664,
            "1_filter": 0.047078847885131836,
            "2_rename": 0.02221202850341797,
            "3_filter": 0.049756765365600586,
            "4_drop": 0.02221989631652832,
            "5_compute_edge_combined_degree": 0.025484085083007812,
            "6_convert": 0.04405951499938965,
            "7_convert": 0.022112607955932617
        },
        "join_text_units_to_relationship_ids": {
            "overall": 0.11895990371704102,
            "0_select": 0.022689342498779297,
            "1_unroll": 0.023977994918823242,
            "2_aggregate_override": 0.026596784591674805,
            "3_select": 0.023370981216430664
        },
        "create_final_community_reports": {
            "overall": 0.43309473991394043,
            "0_prepare_community_reports_nodes": 0.03137683868408203,
            "1_prepare_community_reports_edges": 0.030874967575073242,
            "2_prepare_community_reports_claims": 0.030605316162109375,
            "3_restore_community_hierarchy": 0.03374791145324707,
            "4_prepare_community_reports": 0.18654322624206543,
            "5_create_community_reports": 0.05935478210449219,
            "6_window": 0.03154182434082031
        },
        "create_final_text_units": {
            "overall": 0.2522847652435303,
            "0_select": 0.031234025955200195,
            "1_rename": 0.031264305114746094,
            "2_join": 0.036942243576049805,
            "3_join": 0.03516840934753418,
            "4_join": 0.03126263618469238,
            "5_aggregate_override": 0.029033660888671875,
            "6_select": 0.026877164840698242
        },
        "create_base_documents": {
            "overall": 0.41761136054992676,
            "0_unroll": 0.03503108024597168,
            "1_select": 0.03375387191772461,
            "2_rename": 0.03583788871765137,
            "3_join": 0.038927316665649414,
            "4_aggregate_override": 0.036386728286743164,
            "5_join": 0.03952956199645996,
            "6_rename": 0.03447437286376953,
            "7_convert": 0.13033008575439453
        },
        "create_final_documents": {
            "overall": 0.05882143974304199,
            "0_rename": 0.029694795608520508
        }
    }
}