{
    "total_runtime": 530.8989596366882,
    "num_documents": 1,
    "input_load_time": 0,
    "workflows": {
        "create_base_text_units": {
            "overall": 33.276761293411255,
            "0_orderby": 0.002513885498046875,
            "1_zip": 0.002985239028930664,
            "2_aggregate_override": 0.004872560501098633,
            "3_chunk": 33.2195827960968,
            "4_select": 0.004205226898193359,
            "5_unroll": 0.00567936897277832,
            "6_rename": 0.004189252853393555,
            "7_genid": 0.00502324104309082,
            "8_unzip": 0.005351066589355469,
            "9_copy": 0.004751443862915039,
            "10_filter": 0.015356302261352539
        },
        "create_base_extracted_entities": {
            "overall": 112.33903098106384,
            "0_entity_extract": 112.2736930847168,
            "1_snapshot": 0.012100934982299805,
            "2_merge_graphs": 0.0361328125,
            "3_snapshot_rows": 0.009640932083129883
        },
        "create_final_covariates": {
            "overall": 15.67261290550232,
            "0_extract_covariates": 15.590408563613892,
            "1_window": 0.012705087661743164,
            "2_genid": 0.012576103210449219,
            "3_convert": 0.02603912353515625,
            "4_rename": 0.012216329574584961,
            "5_select": 0.01269078254699707
        },
        "create_summarized_entities": {
            "overall": 32.905024766922,
            "0_summarize_descriptions": 32.88389325141907,
            "1_snapshot_rows": 0.013723373413085938
        },
        "join_text_units_to_covariate_ids": {
            "overall": 0.02830052375793457,
            "0_select": 0.008814334869384766,
            "1_aggregate_override": 0.01138758659362793
        },
        "create_base_entity_graph": {
            "overall": 0.08815741539001465,
            "0_cluster_graph": 0.04750657081604004,
            "1_snapshot_rows": 0.010934114456176758,
            "2_snapshot_rows": 0.010787487030029297,
            "3_select": 0.01005697250366211
        },
        "create_final_entities": {
            "overall": 4.0706400871276855,
            "0_unpack_graph": 0.022603511810302734,
            "1_rename": 0.010581731796264648,
            "2_select": 0.010899066925048828,
            "3_dedupe": 0.011256933212280273,
            "4_rename": 0.011165142059326172,
            "5_filter": 0.02613973617553711,
            "6_text_split": 0.012976646423339844,
            "7_drop": 0.012133598327636719,
            "8_merge": 0.03018975257873535,
            "9_text_embed": 3.8349697589874268,
            "10_drop": 0.02155923843383789,
            "11_filter": 0.040155649185180664
        },
        "create_final_nodes": {
            "overall": 0.29387354850769043,
            "0_layout_graph": 0.05657076835632324,
            "1_unpack_graph": 0.026102066040039062,
            "2_unpack_graph": 0.026287078857421875,
            "3_drop": 0.013823509216308594,
            "4_filter": 0.03134012222290039,
            "5_select": 0.01432180404663086,
            "6_snapshot": 0.015130281448364258,
            "7_rename": 0.014689922332763672,
            "8_convert": 0.04598855972290039,
            "9_join": 0.02100849151611328,
            "10_rename": 0.015489339828491211
        },
        "create_final_communities": {
            "overall": 0.41792869567871094,
            "0_unpack_graph": 0.02869892120361328,
            "1_unpack_graph": 0.028357505798339844,
            "2_aggregate_override": 0.018969058990478516,
            "3_join": 0.023159503936767578,
            "4_join": 0.023597002029418945,
            "5_concat": 0.017572402954101562,
            "6_filter": 0.05494284629821777,
            "7_aggregate_override": 0.0562434196472168,
            "8_join": 0.023462533950805664,
            "9_filter": 0.041686296463012695,
            "10_fill": 0.019042015075683594,
            "11_merge": 0.025516271591186523,
            "12_copy": 0.019478797912597656,
            "13_select": 0.02005457878112793
        },
        "join_text_units_to_entity_ids": {
            "overall": 0.08558034896850586,
            "0_select": 0.02030777931213379,
            "1_unroll": 0.022066354751586914,
            "2_aggregate_override": 0.02332019805908203
        },
        "create_final_relationships": {
            "overall": 0.3529961109161377,
            "0_unpack_graph": 0.048189640045166016,
            "1_filter": 0.048349857330322266,
            "2_rename": 0.021152734756469727,
            "3_filter": 0.04834389686584473,
            "4_drop": 0.021840810775756836,
            "5_compute_edge_combined_degree": 0.025989294052124023,
            "6_convert": 0.08202934265136719,
            "7_convert": 0.023615121841430664
        },
        "join_text_units_to_relationship_ids": {
            "overall": 0.12147665023803711,
            "0_select": 0.023798465728759766,
            "1_unroll": 0.024755239486694336,
            "2_aggregate_override": 0.025798320770263672,
            "3_select": 0.02376723289489746
        },
        "create_final_community_reports": {
            "overall": 326.7131688594818,
            "0_prepare_community_reports_nodes": 0.043951988220214844,
            "1_prepare_community_reports_edges": 0.0432896614074707,
            "2_prepare_community_reports_claims": 0.026421785354614258,
            "3_restore_community_hierarchy": 0.030016660690307617,
            "4_prepare_community_reports": 0.1796731948852539,
            "5_create_community_reports": 326.3138153553009,
            "6_window": 0.03722786903381348
        },
        "create_final_text_units": {
            "overall": 0.22990036010742188,
            "0_select": 0.025828123092651367,
            "1_rename": 0.02575206756591797,
            "2_join": 0.03107428550720215,
            "3_join": 0.031478166580200195,
            "4_join": 0.031189680099487305,
            "5_aggregate_override": 0.028861522674560547,
            "6_select": 0.026761770248413086
        },
        "create_base_documents": {
            "overall": 0.33457398414611816,
            "0_unroll": 0.03031635284423828,
            "1_select": 0.02829766273498535,
            "2_rename": 0.039444684982299805,
            "3_join": 0.05329608917236328,
            "4_aggregate_override": 0.031218528747558594,
            "5_join": 0.03546643257141113,
            "6_rename": 0.029538869857788086,
            "7_convert": 0.05988621711730957
        },
        "create_final_documents": {
            "overall": 0.06213879585266113,
            "0_rename": 0.03175187110900879
        }
    }
}