{
    "total_runtime": 303.1638903617859,
    "num_documents": 1,
    "input_load_time": 0,
    "workflows": {
        "create_base_text_units": {
            "overall": 2.8133184909820557,
            "0_orderby": 0.0026841163635253906,
            "1_zip": 0.003202199935913086,
            "2_aggregate_override": 0.0054056644439697266,
            "3_chunk": 2.7356834411621094,
            "4_select": 0.004397153854370117,
            "5_unroll": 0.006035804748535156,
            "6_rename": 0.01135110855102539,
            "7_genid": 0.006247043609619141,
            "8_unzip": 0.008223533630371094,
            "9_copy": 0.00732874870300293,
            "10_filter": 0.020403385162353516
        },
        "create_base_extracted_entities": {
            "overall": 0.14488792419433594,
            "0_entity_extract": 0.08812451362609863,
            "1_snapshot": 0.010369300842285156,
            "2_merge_graphs": 0.0328826904296875,
            "3_snapshot_rows": 0.007828950881958008
        },
        "create_final_covariates": {
            "overall": 0.07086992263793945,
            "0_extract_covariates": 0.021399497985839844,
            "1_window": 0.006883382797241211,
            "2_genid": 0.006772279739379883,
            "3_convert": 0.014313459396362305,
            "4_rename": 0.007379055023193359,
            "5_select": 0.008458852767944336
        },
        "create_summarized_entities": {
            "overall": 15.569447040557861,
            "0_summarize_descriptions": 15.550493478775024,
            "1_snapshot_rows": 0.011452913284301758
        },
        "join_text_units_to_covariate_ids": {
            "overall": 0.04902505874633789,
            "0_select": 0.014940977096557617,
            "1_aggregate_override": 0.02032780647277832
        },
        "create_base_entity_graph": {
            "overall": 0.1104745864868164,
            "0_cluster_graph": 0.06398701667785645,
            "1_snapshot_rows": 0.011028289794921875,
            "2_snapshot_rows": 0.011006832122802734,
            "3_select": 0.01568603515625
        },
        "create_final_entities": {
            "overall": 4.631086587905884,
            "0_unpack_graph": 0.028753042221069336,
            "1_rename": 0.010769128799438477,
            "2_select": 0.011116504669189453,
            "3_dedupe": 0.011425971984863281,
            "4_rename": 0.01126861572265625,
            "5_filter": 0.026498794555664062,
            "6_text_split": 0.013637065887451172,
            "7_drop": 0.012084484100341797,
            "8_merge": 0.038924455642700195,
            "9_text_embed": 4.408154249191284,
            "10_drop": 0.01485300064086914,
            "11_filter": 0.03354978561401367
        },
        "create_final_nodes": {
            "overall": 0.47623181343078613,
            "0_layout_graph": 0.16740775108337402,
            "1_unpack_graph": 0.06014108657836914,
            "2_unpack_graph": 0.03759360313415527,
            "3_drop": 0.015197992324829102,
            "4_filter": 0.03707718849182129,
            "5_select": 0.01547694206237793,
            "6_snapshot": 0.016370534896850586,
            "7_rename": 0.016244888305664062,
            "8_convert": 0.049520015716552734,
            "9_join": 0.02312016487121582,
            "10_rename": 0.016619205474853516
        },
        "create_final_communities": {
            "overall": 0.4747176170349121,
            "0_unpack_graph": 0.03778886795043945,
            "1_unpack_graph": 0.0377194881439209,
            "2_aggregate_override": 0.020460844039916992,
            "3_join": 0.02516341209411621,
            "4_join": 0.025058507919311523,
            "5_concat": 0.018506526947021484,
            "6_filter": 0.06707334518432617,
            "7_aggregate_override": 0.0269010066986084,
            "8_join": 0.06179690361022949,
            "9_filter": 0.04508852958679199,
            "10_fill": 0.020212411880493164,
            "11_merge": 0.03030562400817871,
            "12_copy": 0.020623207092285156,
            "13_select": 0.020721435546875
        },
        "join_text_units_to_entity_ids": {
            "overall": 0.10445833206176758,
            "0_select": 0.024309396743774414,
            "1_unroll": 0.027213573455810547,
            "2_aggregate_override": 0.027391433715820312
        },
        "create_final_relationships": {
            "overall": 0.36876964569091797,
            "0_unpack_graph": 0.04731035232543945,
            "1_filter": 0.061005592346191406,
            "2_rename": 0.02560901641845703,
            "3_filter": 0.08901190757751465,
            "4_drop": 0.023513078689575195,
            "5_compute_edge_combined_degree": 0.027779817581176758,
            "6_convert": 0.046837568283081055,
            "7_convert": 0.022747278213500977
        },
        "join_text_units_to_relationship_ids": {
            "overall": 0.1200864315032959,
            "0_select": 0.023064136505126953,
            "1_unroll": 0.025275468826293945,
            "2_aggregate_override": 0.02560114860534668,
            "3_select": 0.023692846298217773
        },
        "create_final_community_reports": {
            "overall": 273.1273384094238,
            "0_prepare_community_reports_nodes": 0.02808833122253418,
            "1_prepare_community_reports_edges": 0.027195453643798828,
            "2_prepare_community_reports_claims": 0.025610923767089844,
            "3_restore_community_hierarchy": 0.030526399612426758,
            "4_prepare_community_reports": 0.28253173828125,
            "5_create_community_reports": 272.6787941455841,
            "6_window": 0.030208110809326172
        },
        "create_final_text_units": {
            "overall": 0.25728607177734375,
            "0_select": 0.02724623680114746,
            "1_rename": 0.027387619018554688,
            "2_join": 0.0330655574798584,
            "3_join": 0.033720970153808594,
            "4_join": 0.04923653602600098,
            "5_aggregate_override": 0.03151869773864746,
            "6_select": 0.028555870056152344
        },
        "create_base_documents": {
            "overall": 0.42846012115478516,
            "0_unroll": 0.04568028450012207,
            "1_select": 0.04395890235900879,
            "2_rename": 0.04439806938171387,
            "3_join": 0.0604555606842041,
            "4_aggregate_override": 0.06756162643432617,
            "5_join": 0.03666853904724121,
            "6_rename": 0.03174185752868652,
            "7_convert": 0.06456565856933594
        },
        "create_final_documents": {
            "overall": 0.06127572059631348,
            "0_rename": 0.031168460845947266
        }
    }
}