{
    "total_runtime": 2657.137528657913,
    "num_documents": 64,
    "input_load_time": 0,
    "workflows": {
        "create_base_text_units": {
            "overall": 2.6609725952148438,
            "0_orderby": 0.002611398696899414,
            "1_zip": 0.002952098846435547,
            "2_aggregate_override": 0.0057315826416015625,
            "3_chunk": 2.6099348068237305,
            "4_select": 0.0037147998809814453,
            "5_unroll": 0.004910469055175781,
            "6_rename": 0.0035452842712402344,
            "7_genid": 0.004256486892700195,
            "8_unzip": 0.004494667053222656,
            "9_copy": 0.003872394561767578,
            "10_filter": 0.012796878814697266
        },
        "create_base_extracted_entities": {
            "overall": 839.1727974414825,
            "0_entity_extract": 839.0996854305267,
            "1_snapshot": 0.012639284133911133,
            "2_merge_graphs": 0.04702877998352051,
            "3_snapshot_rows": 0.008952856063842773
        },
        "create_final_covariates": {
            "overall": 598.5644044876099,
            "0_extract_covariates": 598.4860346317291,
            "1_window": 0.01121211051940918,
            "2_genid": 0.010508298873901367,
            "3_convert": 0.021888256072998047,
            "4_rename": 0.011175870895385742,
            "5_select": 0.017685890197753906
        },
        "create_summarized_entities": {
            "overall": 413.1382591724396,
            "0_summarize_descriptions": 413.10706996917725,
            "1_snapshot_rows": 0.023581504821777344
        },
        "join_text_units_to_covariate_ids": {
            "overall": 0.03534674644470215,
            "0_select": 0.01048588752746582,
            "1_aggregate_override": 0.01484370231628418
        },
        "create_base_entity_graph": {
            "overall": 0.09261274337768555,
            "0_cluster_graph": 0.052446842193603516,
            "1_snapshot_rows": 0.011280536651611328,
            "2_snapshot_rows": 0.010543584823608398,
            "3_select": 0.009593009948730469
        },
        "create_final_entities": {
            "overall": 2.722893714904785,
            "0_unpack_graph": 0.0247652530670166,
            "1_rename": 0.01044464111328125,
            "2_select": 0.010642290115356445,
            "3_dedupe": 0.010978460311889648,
            "4_rename": 0.01081705093383789,
            "5_filter": 0.02548384666442871,
            "6_text_split": 0.012372016906738281,
            "7_drop": 0.011713743209838867,
            "8_merge": 0.02609872817993164,
            "9_text_embed": 2.518075942993164,
            "10_drop": 0.015332460403442383,
            "11_filter": 0.03595471382141113
        },
        "create_final_nodes": {
            "overall": 0.3283853530883789,
            "0_layout_graph": 0.07268214225769043,
            "1_unpack_graph": 0.03380084037780762,
            "2_unpack_graph": 0.028476715087890625,
            "3_filter": 0.031010866165161133,
            "4_drop": 0.014018058776855469,
            "5_select": 0.01441812515258789,
            "6_snapshot": 0.015570402145385742,
            "7_rename": 0.015404939651489258,
            "8_join": 0.022841215133666992,
            "9_convert": 0.048493385314941406,
            "10_rename": 0.015735387802124023
        },
        "create_final_communities": {
            "overall": 0.4151318073272705,
            "0_unpack_graph": 0.030363082885742188,
            "1_unpack_graph": 0.02942490577697754,
            "2_aggregate_override": 0.018822669982910156,
            "3_join": 0.023603200912475586,
            "4_join": 0.023918867111206055,
            "5_concat": 0.01771378517150879,
            "6_filter": 0.05544304847717285,
            "7_aggregate_override": 0.02271413803100586,
            "8_join": 0.023452281951904297,
            "9_filter": 0.041539907455444336,
            "10_fill": 0.018527984619140625,
            "11_merge": 0.02395462989807129,
            "12_copy": 0.024329185485839844,
            "13_select": 0.04546761512756348
        },
        "join_text_units_to_entity_ids": {
            "overall": 0.08352422714233398,
            "0_select": 0.01971125602722168,
            "1_unroll": 0.021190881729125977,
            "2_aggregate_override": 0.023681163787841797
        },
        "create_final_relationships": {
            "overall": 0.3233509063720703,
            "0_unpack_graph": 0.035784244537353516,
            "1_filter": 0.04617571830749512,
            "2_rename": 0.021404027938842773,
            "3_filter": 0.0490422248840332,
            "4_drop": 0.021741390228271484,
            "5_compute_edge_combined_degree": 0.025830507278442383,
            "6_convert": 0.04461503028869629,
            "7_convert": 0.058097124099731445
        },
        "join_text_units_to_relationship_ids": {
            "overall": 0.12150764465332031,
            "0_select": 0.023158788681030273,
            "1_unroll": 0.024718284606933594,
            "2_aggregate_override": 0.027196168899536133,
            "3_select": 0.02397012710571289
        },
        "create_final_community_reports": {
            "overall": 793.7918517589569,
            "0_prepare_community_reports_nodes": 0.02505636215209961,
            "1_prepare_community_reports_edges": 0.02472376823425293,
            "2_prepare_community_reports_claims": 0.02460026741027832,
            "3_restore_community_hierarchy": 0.027462005615234375,
            "4_prepare_community_reports": 0.20064544677734375,
            "5_create_community_reports": 793.4293801784515,
            "6_window": 0.03654289245605469
        },
        "create_final_text_units": {
            "overall": 0.2679872512817383,
            "0_select": 0.030480623245239258,
            "1_rename": 0.03057861328125,
            "2_join": 0.03657388687133789,
            "3_join": 0.03691387176513672,
            "4_join": 0.03680086135864258,
            "5_aggregate_override": 0.03412437438964844,
            "6_select": 0.03215956687927246
        },
        "create_base_documents": {
            "overall": 0.3359544277191162,
            "0_unroll": 0.028882265090942383,
            "1_select": 0.031797170639038086,
            "2_rename": 0.027822494506835938,
            "3_join": 0.03246474266052246,
            "4_aggregate_override": 0.03059530258178711,
            "5_join": 0.03328680992126465,
            "6_rename": 0.02962636947631836,
            "7_convert": 0.09075403213500977
        },
        "create_final_documents": {
            "overall": 0.06114602088928223,
            "0_rename": 0.030404329299926758
        }
    }
}