{
    "total_runtime": 242.57006573677063,
    "num_documents": 63,
    "input_load_time": 0,
    "workflows": {
        "create_base_text_units": {
            "overall": 2.672769546508789,
            "0_orderby": 0.0026369094848632812,
            "1_zip": 0.002959012985229492,
            "2_aggregate_override": 0.005752086639404297,
            "3_chunk": 2.620131015777588,
            "4_select": 0.004423379898071289,
            "5_unroll": 0.005728244781494141,
            "6_rename": 0.003498554229736328,
            "7_genid": 0.004208087921142578,
            "8_unzip": 0.004426479339599609,
            "9_copy": 0.003826618194580078,
            "10_filter": 0.01293492317199707
        },
        "create_base_extracted_entities": {
            "overall": 0.1760702133178711,
            "0_entity_extract": 0.12650012969970703,
            "1_snapshot": 0.00880122184753418,
            "2_merge_graphs": 0.029457807540893555,
            "3_snapshot_rows": 0.0069348812103271484
        },
        "create_final_covariates": {
            "overall": 0.12641024589538574,
            "0_extract_covariates": 0.05623054504394531,
            "1_window": 0.01045989990234375,
            "2_genid": 0.010077953338623047,
            "3_convert": 0.02167797088623047,
            "4_rename": 0.010890722274780273,
            "5_select": 0.011472225189208984
        },
        "create_summarized_entities": {
            "overall": 0.0766298770904541,
            "0_summarize_descriptions": 0.060404062271118164,
            "1_snapshot_rows": 0.008824586868286133
        },
        "join_text_units_to_covariate_ids": {
            "overall": 0.04545736312866211,
            "0_select": 0.013547658920288086,
            "1_aggregate_override": 0.019384145736694336
        },
        "create_base_entity_graph": {
            "overall": 0.0896308422088623,
            "0_cluster_graph": 0.04856085777282715,
            "1_snapshot_rows": 0.01111459732055664,
            "2_snapshot_rows": 0.010915040969848633,
            "3_select": 0.010189533233642578
        },
        "create_final_entities": {
            "overall": 0.3191988468170166,
            "0_unpack_graph": 0.02251434326171875,
            "1_rename": 0.010575532913208008,
            "2_select": 0.01099252700805664,
            "3_dedupe": 0.011367321014404297,
            "4_rename": 0.011515378952026367,
            "5_filter": 0.026021480560302734,
            "6_text_split": 0.012717723846435547,
            "7_drop": 0.012163162231445312,
            "8_merge": 0.026770353317260742,
            "9_text_embed": 0.11441755294799805,
            "10_drop": 0.015243291854858398,
            "11_filter": 0.034964799880981445
        },
        "create_final_nodes": {
            "overall": 0.33106374740600586,
            "0_layout_graph": 0.06814050674438477,
            "1_unpack_graph": 0.033417701721191406,
            "2_unpack_graph": 0.03302764892578125,
            "3_filter": 0.03599715232849121,
            "4_drop": 0.014563322067260742,
            "5_select": 0.014590740203857422,
            "6_snapshot": 0.015566587448120117,
            "7_rename": 0.015391349792480469,
            "8_join": 0.02130413055419922,
            "9_convert": 0.04765939712524414,
            "10_rename": 0.015642881393432617
        },
        "create_final_communities": {
            "overall": 0.3774557113647461,
            "0_unpack_graph": 0.028490781784057617,
            "1_unpack_graph": 0.028609752655029297,
            "2_aggregate_override": 0.018630027770996094,
            "3_join": 0.023350238800048828,
            "4_join": 0.023290395736694336,
            "5_concat": 0.020311355590820312,
            "6_filter": 0.05453133583068848,
            "7_aggregate_override": 0.022359371185302734,
            "8_join": 0.023140668869018555,
            "9_filter": 0.04031038284301758,
            "10_fill": 0.01819300651550293,
            "11_merge": 0.02312302589416504,
            "12_copy": 0.01825404167175293,
            "13_select": 0.018901348114013672
        },
        "join_text_units_to_entity_ids": {
            "overall": 0.10269951820373535,
            "0_select": 0.02407097816467285,
            "1_unroll": 0.025822162628173828,
            "2_aggregate_override": 0.028969526290893555
        },
        "create_final_relationships": {
            "overall": 0.2962217330932617,
            "0_unpack_graph": 0.03519916534423828,
            "1_filter": 0.0475001335144043,
            "2_rename": 0.02208256721496582,
            "3_filter": 0.05114030838012695,
            "4_drop": 0.022795677185058594,
            "5_compute_edge_combined_degree": 0.02701258659362793,
            "6_convert": 0.046186208724975586,
            "7_convert": 0.023082971572875977
        },
        "join_text_units_to_relationship_ids": {
            "overall": 0.14110946655273438,
            "0_select": 0.030920028686523438,
            "1_unroll": 0.02494025230407715,
            "2_aggregate_override": 0.027326583862304688,
            "3_select": 0.02388620376586914
        },
        "create_final_community_reports": {
            "overall": 232.78039503097534,
            "0_prepare_community_reports_nodes": 0.031397104263305664,
            "1_prepare_community_reports_edges": 0.0316312313079834,
            "2_prepare_community_reports_claims": 0.030874013900756836,
            "3_restore_community_hierarchy": 0.03464341163635254,
            "4_prepare_community_reports": 0.18392610549926758,
            "5_create_community_reports": 232.39778971672058,
            "6_window": 0.04130864143371582
        },
        "create_final_text_units": {
            "overall": 0.2598278522491455,
            "0_select": 0.03324270248413086,
            "1_rename": 0.026624202728271484,
            "2_join": 0.032401084899902344,
            "3_join": 0.03354763984680176,
            "4_join": 0.03314208984375,
            "5_aggregate_override": 0.03142380714416504,
            "6_select": 0.02828693389892578
        },
        "create_base_documents": {
            "overall": 0.3353569507598877,
            "0_unroll": 0.030630111694335938,
            "1_select": 0.028468608856201172,
            "2_rename": 0.02840280532836914,
            "3_join": 0.03340435028076172,
            "4_aggregate_override": 0.030972719192504883,
            "5_join": 0.03438854217529297,
            "6_rename": 0.030098915100097656,
            "7_convert": 0.09148764610290527
        },
        "create_final_documents": {
            "overall": 0.08155989646911621,
            "0_rename": 0.032610177993774414
        }
    }
}