{
    "total_runtime": 1844.1637048721313,
    "num_documents": 64,
    "input_load_time": 0,
    "workflows": {
        "create_base_text_units": {
            "overall": 7.822375774383545,
            "0_orderby": 0.0028200149536132812,
            "1_zip": 0.0030930042266845703,
            "2_aggregate_override": 0.005835056304931641,
            "3_chunk": 7.746169567108154,
            "4_select": 0.004462242126464844,
            "5_unroll": 0.005704402923583984,
            "6_rename": 0.0038073062896728516,
            "7_genid": 0.004690647125244141,
            "8_unzip": 0.004862546920776367,
            "9_copy": 0.009373664855957031,
            "10_filter": 0.029179096221923828
        },
        "create_base_extracted_entities": {
            "overall": 383.28881454467773,
            "0_entity_extract": 383.22811698913574,
            "1_snapshot": 0.009960651397705078,
            "2_merge_graphs": 0.0388791561126709,
            "3_snapshot_rows": 0.0069713592529296875
        },
        "create_final_covariates": {
            "overall": 148.62007880210876,
            "0_extract_covariates": 148.53897643089294,
            "1_window": 0.010141134262084961,
            "2_genid": 0.00951075553894043,
            "3_convert": 0.04005026817321777,
            "4_rename": 0.007505655288696289,
            "5_select": 0.007764577865600586
        },
        "create_summarized_entities": {
            "overall": 21.00023579597473,
            "0_summarize_descriptions": 20.978068590164185,
            "1_snapshot_rows": 0.014561891555786133
        },
        "join_text_units_to_covariate_ids": {
            "overall": 0.04880499839782715,
            "0_select": 0.014738798141479492,
            "1_aggregate_override": 0.020647764205932617
        },
        "create_base_entity_graph": {
            "overall": 0.19321084022521973,
            "0_cluster_graph": 0.1267402172088623,
            "1_snapshot_rows": 0.017400741577148438,
            "2_snapshot_rows": 0.017481565475463867,
            "3_select": 0.016849279403686523
        },
        "create_final_entities": {
            "overall": 8.015546798706055,
            "0_unpack_graph": 0.04755687713623047,
            "1_rename": 0.01763606071472168,
            "2_select": 0.018033266067504883,
            "3_dedupe": 0.019542694091796875,
            "4_rename": 0.011371135711669922,
            "5_filter": 0.02884387969970703,
            "6_text_split": 0.023096323013305664,
            "7_drop": 0.021861791610717773,
            "8_merge": 0.08009743690490723,
            "9_text_embed": 7.689785957336426,
            "10_drop": 0.012854814529418945,
            "11_filter": 0.028421401977539062
        },
        "create_final_nodes": {
            "overall": 0.35147976875305176,
            "0_layout_graph": 0.09083437919616699,
            "1_unpack_graph": 0.03240156173706055,
            "2_unpack_graph": 0.031798362731933594,
            "3_drop": 0.014378786087036133,
            "4_filter": 0.03255105018615723,
            "5_select": 0.014665603637695312,
            "6_snapshot": 0.015407323837280273,
            "7_rename": 0.015042543411254883,
            "8_convert": 0.050878047943115234,
            "9_join": 0.023651838302612305,
            "10_rename": 0.016576528549194336
        },
        "create_final_communities": {
            "overall": 0.4572596549987793,
            "0_unpack_graph": 0.0355374813079834,
            "1_unpack_graph": 0.03535914421081543,
            "2_aggregate_override": 0.0194704532623291,
            "3_join": 0.02456378936767578,
            "4_join": 0.024568557739257812,
            "5_concat": 0.017568588256835938,
            "6_filter": 0.06666183471679688,
            "7_aggregate_override": 0.025487184524536133,
            "8_join": 0.024517536163330078,
            "9_filter": 0.042524099349975586,
            "10_fill": 0.018983840942382812,
            "11_merge": 0.03873705863952637,
            "12_copy": 0.03710055351257324,
            "13_select": 0.029400348663330078
        },
        "join_text_units_to_entity_ids": {
            "overall": 0.10493612289428711,
            "0_select": 0.02520608901977539,
            "1_unroll": 0.0268707275390625,
            "2_aggregate_override": 0.029052734375
        },
        "create_final_relationships": {
            "overall": 0.3286454677581787,
            "0_unpack_graph": 0.03836202621459961,
            "1_filter": 0.04393815994262695,
            "2_rename": 0.02095198631286621,
            "3_filter": 0.08947205543518066,
            "4_drop": 0.022116661071777344,
            "5_compute_edge_combined_degree": 0.026163339614868164,
            "6_convert": 0.04521989822387695,
            "7_convert": 0.022412776947021484
        },
        "join_text_units_to_relationship_ids": {
            "overall": 0.12004685401916504,
            "0_select": 0.023108720779418945,
            "1_unroll": 0.02477550506591797,
            "2_aggregate_override": 0.026795148849487305,
            "3_select": 0.023523569107055664
        },
        "create_final_community_reports": {
            "overall": 1267.0490534305573,
            "0_prepare_community_reports_nodes": 0.05095791816711426,
            "1_prepare_community_reports_edges": 0.02777862548828125,
            "2_prepare_community_reports_claims": 0.02605438232421875,
            "3_restore_community_hierarchy": 0.02973175048828125,
            "4_prepare_community_reports": 0.20603632926940918,
            "5_create_community_reports": 1266.6424388885498,
            "6_window": 0.04268980026245117
        },
        "create_final_text_units": {
            "overall": 0.4473459720611572,
            "0_select": 0.04620933532714844,
            "1_rename": 0.04744362831115723,
            "2_join": 0.057785987854003906,
            "3_join": 0.0907742977142334,
            "4_join": 0.06149554252624512,
            "5_aggregate_override": 0.051134347915649414,
            "6_select": 0.04717206954956055
        },
        "create_base_documents": {
            "overall": 0.4829747676849365,
            "0_unroll": 0.042894601821899414,
            "1_select": 0.03648042678833008,
            "2_rename": 0.032410621643066406,
            "3_join": 0.050661325454711914,
            "4_aggregate_override": 0.03760647773742676,
            "5_join": 0.0403134822845459,
            "6_rename": 0.0355839729309082,
            "7_convert": 0.17433500289916992
        },
        "create_final_documents": {
            "overall": 0.10546183586120605,
            "0_rename": 0.055638790130615234
        }
    }
}