{
    "total_runtime": 2762.1763215065002,
    "num_documents": 64,
    "input_load_time": 0,
    "workflows": {
        "create_base_text_units": {
            "overall": 2.536323070526123,
            "0_orderby": 0.002698659896850586,
            "1_zip": 0.0030508041381835938,
            "2_aggregate_override": 0.005751132965087891,
            "3_chunk": 2.482353687286377,
            "4_select": 0.0038461685180664062,
            "5_unroll": 0.005220174789428711,
            "6_rename": 0.0037713050842285156,
            "7_genid": 0.004651784896850586,
            "8_unzip": 0.004843950271606445,
            "9_copy": 0.004209995269775391,
            "10_filter": 0.013623714447021484
        },
        "create_base_extracted_entities": {
            "overall": 1097.524341583252,
            "0_entity_extract": 1097.462147951126,
            "1_snapshot": 0.01044011116027832,
            "2_merge_graphs": 0.04028916358947754,
            "3_snapshot_rows": 0.0066454410552978516
        },
        "create_final_covariates": {
            "overall": 330.0997815132141,
            "0_extract_covariates": 330.02385091781616,
            "1_window": 0.011745691299438477,
            "2_genid": 0.011059045791625977,
            "3_convert": 0.023142099380493164,
            "4_rename": 0.011824369430541992,
            "5_select": 0.012285709381103516
        },
        "create_summarized_entities": {
            "overall": 19.552980184555054,
            "0_summarize_descriptions": 19.527852296829224,
            "1_snapshot_rows": 0.01718759536743164
        },
        "join_text_units_to_covariate_ids": {
            "overall": 0.030640602111816406,
            "0_select": 0.008901357650756836,
            "1_aggregate_override": 0.01338815689086914
        },
        "create_base_entity_graph": {
            "overall": 0.11263346672058105,
            "0_cluster_graph": 0.07325339317321777,
            "1_snapshot_rows": 0.010560989379882812,
            "2_snapshot_rows": 0.010263204574584961,
            "3_select": 0.009764671325683594
        },
        "create_final_entities": {
            "overall": 7.991246938705444,
            "0_unpack_graph": 0.031331777572631836,
            "1_rename": 0.010459423065185547,
            "2_select": 0.010712385177612305,
            "3_dedupe": 0.011132478713989258,
            "4_rename": 0.010979413986206055,
            "5_filter": 0.02594900131225586,
            "6_text_split": 0.013450384140014648,
            "7_drop": 0.011925458908081055,
            "8_merge": 0.041330575942993164,
            "9_text_embed": 7.770665645599365,
            "10_drop": 0.013351678848266602,
            "11_filter": 0.030130624771118164
        },
        "create_final_nodes": {
            "overall": 0.36846351623535156,
            "0_layout_graph": 0.09063076972961426,
            "1_unpack_graph": 0.037477731704711914,
            "2_unpack_graph": 0.03786015510559082,
            "3_filter": 0.0345919132232666,
            "4_drop": 0.014408588409423828,
            "5_select": 0.014804840087890625,
            "6_snapshot": 0.01552724838256836,
            "7_rename": 0.01560354232788086,
            "8_join": 0.026179790496826172,
            "9_convert": 0.05170297622680664,
            "10_rename": 0.01618218421936035
        },
        "create_final_communities": {
            "overall": 0.4794034957885742,
            "0_unpack_graph": 0.04063105583190918,
            "1_unpack_graph": 0.05137038230895996,
            "2_aggregate_override": 0.02005147933959961,
            "3_join": 0.02377629280090332,
            "4_join": 0.02339935302734375,
            "5_concat": 0.017631053924560547,
            "6_filter": 0.0688638687133789,
            "7_aggregate_override": 0.024088382720947266,
            "8_join": 0.02309417724609375,
            "9_filter": 0.04083967208862305,
            "10_fill": 0.018659591674804688,
            "11_merge": 0.07206988334655762,
            "12_copy": 0.0187835693359375,
            "13_select": 0.019138813018798828
        },
        "join_text_units_to_entity_ids": {
            "overall": 0.08643555641174316,
            "0_select": 0.0206451416015625,
            "1_unroll": 0.02171611785888672,
            "2_aggregate_override": 0.024053573608398438
        },
        "create_final_relationships": {
            "overall": 0.30567288398742676,
            "0_unpack_graph": 0.04371953010559082,
            "1_filter": 0.04851651191711426,
            "2_rename": 0.021685123443603516,
            "3_filter": 0.05280661582946777,
            "4_drop": 0.022904157638549805,
            "5_compute_edge_combined_degree": 0.02695751190185547,
            "6_convert": 0.045351505279541016,
            "7_convert": 0.022872209548950195
        },
        "join_text_units_to_relationship_ids": {
            "overall": 0.12797331809997559,
            "0_select": 0.02441883087158203,
            "1_unroll": 0.026386499404907227,
            "2_aggregate_override": 0.028976917266845703,
            "3_select": 0.024735689163208008
        },
        "create_final_community_reports": {
            "overall": 1297.539921283722,
            "0_prepare_community_reports_nodes": 0.0283968448638916,
            "1_prepare_community_reports_edges": 0.029149293899536133,
            "2_prepare_community_reports_claims": 0.02770853042602539,
            "3_restore_community_hierarchy": 0.031833648681640625,
            "4_prepare_community_reports": 0.23894190788269043,
            "5_create_community_reports": 1297.1188356876373,
            "6_window": 0.04028773307800293
        },
        "create_final_text_units": {
            "overall": 0.2323760986328125,
            "0_select": 0.026300668716430664,
            "1_rename": 0.026378631591796875,
            "2_join": 0.031797170639038086,
            "3_join": 0.03192639350891113,
            "4_join": 0.03263401985168457,
            "5_aggregate_override": 0.029988527297973633,
            "6_select": 0.027414798736572266
        },
        "create_base_documents": {
            "overall": 0.44628286361694336,
            "0_unroll": 0.03527712821960449,
            "1_select": 0.08808016777038574,
            "2_rename": 0.04655885696411133,
            "3_join": 0.053896427154541016,
            "4_aggregate_override": 0.04236555099487305,
            "5_join": 0.03408503532409668,
            "6_rename": 0.02917766571044922,
            "7_convert": 0.08846902847290039
        },
        "create_final_documents": {
            "overall": 0.05933713912963867,
            "0_rename": 0.029329538345336914
        }
    }
}