{
    "total_runtime": 99.01305222511292,
    "num_documents": 64,
    "input_load_time": 0,
    "workflows": {
        "create_base_text_units": {
            "overall": 2.6642696857452393,
            "0_orderby": 0.002700328826904297,
            "1_zip": 0.003100156784057617,
            "2_aggregate_override": 0.006101131439208984,
            "3_chunk": 2.6122796535491943,
            "4_select": 0.003671884536743164,
            "5_unroll": 0.0048444271087646484,
            "6_rename": 0.003530263900756836,
            "7_genid": 0.004270076751708984,
            "8_unzip": 0.004528999328613281,
            "9_copy": 0.003981590270996094,
            "10_filter": 0.013058900833129883
        },
        "create_base_extracted_entities": {
            "overall": 0.16727352142333984,
            "0_entity_extract": 0.1189877986907959,
            "1_snapshot": 0.008380889892578125,
            "2_merge_graphs": 0.028947114944458008,
            "3_snapshot_rows": 0.006270170211791992
        },
        "create_final_covariates": {
            "overall": 0.13895106315612793,
            "0_extract_covariates": 0.06384420394897461,
            "1_window": 0.01123952865600586,
            "2_genid": 0.010957479476928711,
            "3_convert": 0.022968769073486328,
            "4_rename": 0.011661291122436523,
            "5_select": 0.012133121490478516
        },
        "create_summarized_entities": {
            "overall": 0.08106493949890137,
            "0_summarize_descriptions": 0.06365418434143066,
            "1_snapshot_rows": 0.00973057746887207
        },
        "join_text_units_to_covariate_ids": {
            "overall": 0.03005528450012207,
            "0_select": 0.008851766586303711,
            "1_aggregate_override": 0.012859106063842773
        },
        "create_base_entity_graph": {
            "overall": 0.10153627395629883,
            "0_cluster_graph": 0.048661231994628906,
            "1_snapshot_rows": 0.011197566986083984,
            "2_snapshot_rows": 0.01707601547241211,
            "3_select": 0.015157461166381836
        },
        "create_final_entities": {
            "overall": 0.29210948944091797,
            "0_unpack_graph": 0.025548219680786133,
            "1_rename": 0.01094675064086914,
            "2_select": 0.011187553405761719,
            "3_dedupe": 0.011624336242675781,
            "4_rename": 0.012161970138549805,
            "5_filter": 0.026489973068237305,
            "6_text_split": 0.012965679168701172,
            "7_drop": 0.0123138427734375,
            "8_merge": 0.02985835075378418,
            "9_text_embed": 0.07975220680236816,
            "10_drop": 0.013486623764038086,
            "11_filter": 0.03530478477478027
        },
        "create_final_nodes": {
            "overall": 0.33638882637023926,
            "0_layout_graph": 0.06444406509399414,
            "1_unpack_graph": 0.031615257263183594,
            "2_unpack_graph": 0.03264927864074707,
            "3_drop": 0.01519918441772461,
            "4_filter": 0.03711080551147461,
            "5_select": 0.016233205795288086,
            "6_snapshot": 0.01756000518798828,
            "7_rename": 0.01946568489074707,
            "8_convert": 0.04867291450500488,
            "9_join": 0.0227663516998291,
            "10_rename": 0.0163576602935791
        },
        "create_final_communities": {
            "overall": 0.45653605461120605,
            "0_unpack_graph": 0.04533791542053223,
            "1_unpack_graph": 0.04552125930786133,
            "2_aggregate_override": 0.028801918029785156,
            "3_join": 0.026813030242919922,
            "4_join": 0.02491617202758789,
            "5_concat": 0.01746225357055664,
            "6_filter": 0.05731964111328125,
            "7_aggregate_override": 0.022574424743652344,
            "8_join": 0.02345132827758789,
            "9_filter": 0.03986620903015137,
            "10_fill": 0.02354145050048828,
            "11_merge": 0.038437604904174805,
            "12_copy": 0.018941402435302734,
            "13_select": 0.02054905891418457
        },
        "join_text_units_to_entity_ids": {
            "overall": 0.08734965324401855,
            "0_select": 0.020366430282592773,
            "1_unroll": 0.021616697311401367,
            "2_aggregate_override": 0.025502443313598633
        },
        "create_final_relationships": {
            "overall": 0.3030233383178711,
            "0_unpack_graph": 0.03621220588684082,
            "1_filter": 0.05054283142089844,
            "2_rename": 0.021386384963989258,
            "3_filter": 0.05296659469604492,
            "4_drop": 0.02262139320373535,
            "5_compute_edge_combined_degree": 0.02776956558227539,
            "6_convert": 0.0484614372253418,
            "7_convert": 0.022300243377685547
        },
        "join_text_units_to_relationship_ids": {
            "overall": 0.1293163299560547,
            "0_select": 0.025424718856811523,
            "1_unroll": 0.024922847747802734,
            "2_aggregate_override": 0.028851747512817383,
            "3_select": 0.02546525001525879
        },
        "create_final_community_reports": {
            "overall": 89.15724015235901,
            "0_prepare_community_reports_nodes": 0.03747677803039551,
            "1_prepare_community_reports_edges": 0.03492259979248047,
            "2_prepare_community_reports_claims": 0.028743267059326172,
            "3_restore_community_hierarchy": 0.031250715255737305,
            "4_prepare_community_reports": 0.1679859161376953,
            "5_create_community_reports": 88.78956532478333,
            "6_window": 0.04326987266540527
        },
        "create_final_text_units": {
            "overall": 0.30165839195251465,
            "0_select": 0.03794503211975098,
            "1_rename": 0.06482625007629395,
            "2_join": 0.032755136489868164,
            "3_join": 0.03260016441345215,
            "4_join": 0.0330357551574707,
            "5_aggregate_override": 0.030145883560180664,
            "6_select": 0.02812361717224121
        },
        "create_base_documents": {
            "overall": 0.32860827445983887,
            "0_unroll": 0.029395103454589844,
            "1_select": 0.028269290924072266,
            "2_rename": 0.027677059173583984,
            "3_join": 0.03248763084411621,
            "4_aggregate_override": 0.030547618865966797,
            "5_join": 0.03392934799194336,
            "6_rename": 0.028960466384887695,
            "7_convert": 0.08988094329833984
        },
        "create_final_documents": {
            "overall": 0.060807228088378906,
            "0_rename": 0.030354738235473633
        }
    }
}