{
    "total_runtime": 156.2473909854889,
    "num_documents": 1,
    "input_load_time": 0,
    "workflows": {
        "create_base_text_units": {
            "overall": 72.24128723144531,
            "0_orderby": 0.0025370121002197266,
            "1_zip": 0.003072023391723633,
            "2_aggregate_override": 0.005103588104248047,
            "3_chunk": 72.1872923374176,
            "4_select": 0.003758668899536133,
            "5_unroll": 0.0051801204681396484,
            "6_rename": 0.0038836002349853516,
            "7_genid": 0.004717826843261719,
            "8_unzip": 0.00505828857421875,
            "9_copy": 0.004286527633666992,
            "10_filter": 0.014096975326538086
        },
        "create_base_extracted_entities": {
            "overall": 0.12488317489624023,
            "0_entity_extract": 0.09172844886779785,
            "1_snapshot": 0.007061004638671875,
            "2_merge_graphs": 0.014133453369140625,
            "3_snapshot_rows": 0.007095813751220703
        },
        "create_final_covariates": {
            "overall": 0.07679986953735352,
            "0_extract_covariates": 0.027100563049316406,
            "1_window": 0.007027626037597656,
            "2_genid": 0.006947040557861328,
            "3_convert": 0.014577865600585938,
            "4_rename": 0.0074350833892822266,
            "5_select": 0.0076940059661865234
        },
        "create_summarized_entities": {
            "overall": 12.766334295272827,
            "0_summarize_descriptions": 12.748344898223877,
            "1_snapshot_rows": 0.009166955947875977
        },
        "join_text_units_to_covariate_ids": {
            "overall": 0.029385089874267578,
            "0_select": 0.009135961532592773,
            "1_aggregate_override": 0.01184535026550293
        },
        "create_base_entity_graph": {
            "overall": 0.059970855712890625,
            "0_cluster_graph": 0.019723176956176758,
            "1_snapshot_rows": 0.010207414627075195,
            "2_snapshot_rows": 0.010347366333007812,
            "3_select": 0.01059579849243164
        },
        "create_final_entities": {
            "overall": 3.1236584186553955,
            "0_unpack_graph": 0.013388633728027344,
            "1_rename": 0.011220455169677734,
            "2_select": 0.011521577835083008,
            "3_dedupe": 0.01184391975402832,
            "4_rename": 0.012068510055541992,
            "5_filter": 0.027802705764770508,
            "6_text_split": 0.012917518615722656,
            "7_drop": 0.012700080871582031,
            "8_merge": 0.02000117301940918,
            "9_text_embed": 2.910137891769409,
            "10_drop": 0.02159428596496582,
            "11_filter": 0.047664642333984375
        },
        "create_final_nodes": {
            "overall": 0.25110936164855957,
            "0_layout_graph": 0.021246671676635742,
            "1_unpack_graph": 0.017343759536743164,
            "2_unpack_graph": 0.017290353775024414,
            "3_filter": 0.033097267150878906,
            "4_drop": 0.015088558197021484,
            "5_select": 0.015335321426391602,
            "6_snapshot": 0.015895605087280273,
            "7_rename": 0.015687942504882812,
            "8_convert": 0.04846787452697754,
            "9_join": 0.02194976806640625,
            "10_rename": 0.016108989715576172
        },
        "create_final_communities": {
            "overall": 0.36783337593078613,
            "0_unpack_graph": 0.01914238929748535,
            "1_unpack_graph": 0.01908254623413086,
            "2_aggregate_override": 0.019678831100463867,
            "3_join": 0.023528099060058594,
            "4_join": 0.023032665252685547,
            "5_concat": 0.018961191177368164,
            "6_filter": 0.04455852508544922,
            "7_aggregate_override": 0.021419763565063477,
            "8_join": 0.023914575576782227,
            "9_filter": 0.05134153366088867,
            "10_fill": 0.026202917098999023,
            "11_merge": 0.021382570266723633,
            "12_copy": 0.019338369369506836,
            "13_select": 0.019815683364868164
        },
        "join_text_units_to_entity_ids": {
            "overall": 0.08792328834533691,
            "0_select": 0.02087235450744629,
            "1_unroll": 0.02271580696105957,
            "2_aggregate_override": 0.024156570434570312
        },
        "create_final_relationships": {
            "overall": 5.482766389846802,
            "0_unpack_graph": 0.024089336395263672,
            "1_filter": 0.08398747444152832,
            "2_rename": 0.021841764450073242,
            "3_filter": 0.04689836502075195,
            "4_drop": 0.022565841674804688,
            "5_compute_edge_combined_degree": 0.026839733123779297,
            "6_convert": 0.048410654067993164,
            "7_convert": 5.186485290527344
        },
        "join_text_units_to_relationship_ids": {
            "overall": 0.12761783599853516,
            "0_select": 0.025058269500732422,
            "1_unroll": 0.0258181095123291,
            "2_aggregate_override": 0.027525901794433594,
            "3_select": 0.025121688842773438
        },
        "create_final_community_reports": {
            "overall": 56.51726007461548,
            "0_prepare_community_reports_nodes": 0.038846492767333984,
            "1_prepare_community_reports_edges": 0.038584232330322266,
            "2_prepare_community_reports_claims": 0.039960384368896484,
            "3_restore_community_hierarchy": 0.04665803909301758,
            "4_prepare_community_reports": 0.1764237880706787,
            "5_create_community_reports": 56.09424662590027,
            "6_window": 0.045205116271972656
        },
        "create_final_text_units": {
            "overall": 0.3997945785522461,
            "0_select": 0.05284738540649414,
            "1_rename": 0.053134918212890625,
            "2_join": 0.061539649963378906,
            "3_join": 0.06277799606323242,
            "4_join": 0.057785749435424805,
            "5_aggregate_override": 0.031061887741088867,
            "6_select": 0.02899956703186035
        },
        "create_base_documents": {
            "overall": 0.40953755378723145,
            "0_unroll": 0.030447959899902344,
            "1_select": 0.12984991073608398,
            "2_rename": 0.029712200164794922,
            "3_join": 0.034028053283691406,
            "4_aggregate_override": 0.03080463409423828,
            "5_join": 0.03433585166931152,
            "6_rename": 0.03025984764099121,
            "7_convert": 0.061667442321777344
        },
        "create_final_documents": {
            "overall": 0.06253218650817871,
            "0_rename": 0.03167986869812012
        }
    }
}