{
    "total_runtime": 152.95562362670898,
    "num_documents": 64,
    "input_load_time": 0,
    "workflows": {
        "create_base_text_units": {
            "overall": 2.861131191253662,
            "0_orderby": 0.0025360584259033203,
            "1_zip": 0.002876758575439453,
            "2_aggregate_override": 0.005614519119262695,
            "3_chunk": 2.787045478820801,
            "4_select": 0.004580497741699219,
            "5_unroll": 0.0066792964935302734,
            "6_rename": 0.0057485103607177734,
            "7_genid": 0.007637977600097656,
            "8_unzip": 0.007721424102783203,
            "9_copy": 0.006873607635498047,
            "10_filter": 0.021617889404296875
        },
        "create_base_extracted_entities": {
            "overall": 0.21864938735961914,
            "0_entity_extract": 0.14525794982910156,
            "1_snapshot": 0.012772321701049805,
            "2_merge_graphs": 0.046544551849365234,
            "3_snapshot_rows": 0.009605884552001953
        },
        "create_final_covariates": {
            "overall": 0.1099553108215332,
            "0_extract_covariates": 0.06155514717102051,
            "1_window": 0.008491992950439453,
            "2_genid": 0.006461620330810547,
            "3_convert": 0.013618946075439453,
            "4_rename": 0.007000923156738281,
            "5_select": 0.00725102424621582
        },
        "create_summarized_entities": {
            "overall": 0.09737420082092285,
            "0_summarize_descriptions": 0.07865619659423828,
            "1_snapshot_rows": 0.009082317352294922
        },
        "join_text_units_to_covariate_ids": {
            "overall": 0.029221296310424805,
            "0_select": 0.008649110794067383,
            "1_aggregate_override": 0.012680768966674805
        },
        "create_base_entity_graph": {
            "overall": 0.10434889793395996,
            "0_cluster_graph": 0.048494577407836914,
            "1_snapshot_rows": 0.01624321937561035,
            "2_snapshot_rows": 0.017953157424926758,
            "3_select": 0.012996673583984375
        },
        "create_final_entities": {
            "overall": 0.31029295921325684,
            "0_unpack_graph": 0.029675722122192383,
            "1_rename": 0.013092517852783203,
            "2_select": 0.012671947479248047,
            "3_dedupe": 0.012337207794189453,
            "4_rename": 0.012922286987304688,
            "5_filter": 0.029930591583251953,
            "6_text_split": 0.018126249313354492,
            "7_drop": 0.020418882369995117,
            "8_merge": 0.02950310707092285,
            "9_text_embed": 0.07556009292602539,
            "10_drop": 0.012744426727294922,
            "11_filter": 0.02893233299255371
        },
        "create_final_nodes": {
            "overall": 0.3039863109588623,
            "0_layout_graph": 0.05743670463562012,
            "1_unpack_graph": 0.027409076690673828,
            "2_unpack_graph": 0.027464628219604492,
            "3_filter": 0.031076431274414062,
            "4_drop": 0.014227628707885742,
            "5_select": 0.014733076095581055,
            "6_snapshot": 0.015664100646972656,
            "7_rename": 0.015899181365966797,
            "8_convert": 0.047376155853271484,
            "9_join": 0.021874666213989258,
            "10_rename": 0.015885114669799805
        },
        "create_final_communities": {
            "overall": 0.45584797859191895,
            "0_unpack_graph": 0.05117201805114746,
            "1_unpack_graph": 0.04514789581298828,
            "2_aggregate_override": 0.022893190383911133,
            "3_join": 0.02771162986755371,
            "4_join": 0.028072118759155273,
            "5_concat": 0.021600961685180664,
            "6_filter": 0.06505441665649414,
            "7_aggregate_override": 0.02682352066040039,
            "8_join": 0.024670839309692383,
            "9_filter": 0.04162406921386719,
            "10_fill": 0.01860952377319336,
            "11_merge": 0.0243227481842041,
            "12_copy": 0.019120216369628906,
            "13_select": 0.019264936447143555
        },
        "join_text_units_to_entity_ids": {
            "overall": 0.10210919380187988,
            "0_select": 0.024043798446655273,
            "1_unroll": 0.025978565216064453,
            "2_aggregate_override": 0.028939008712768555
        },
        "create_final_relationships": {
            "overall": 0.35491418838500977,
            "0_unpack_graph": 0.06731986999511719,
            "1_filter": 0.05809330940246582,
            "2_rename": 0.027629852294921875,
            "3_filter": 0.055123329162597656,
            "4_drop": 0.02286505699157715,
            "5_compute_edge_combined_degree": 0.027414798736572266,
            "6_convert": 0.047158002853393555,
            "7_convert": 0.023499250411987305
        },
        "join_text_units_to_relationship_ids": {
            "overall": 0.12128996849060059,
            "0_select": 0.0224609375,
            "1_unroll": 0.023761749267578125,
            "2_aggregate_override": 0.028154850006103516,
            "3_select": 0.023957252502441406
        },
        "create_final_community_reports": {
            "overall": 143.14715147018433,
            "0_prepare_community_reports_nodes": 0.027225971221923828,
            "1_prepare_community_reports_edges": 0.032166481018066406,
            "2_prepare_community_reports_claims": 0.05972146987915039,
            "3_restore_community_hierarchy": 0.04178166389465332,
            "4_prepare_community_reports": 0.17817163467407227,
            "5_create_community_reports": 142.75631642341614,
            "6_window": 0.026859283447265625
        },
        "create_final_text_units": {
            "overall": 0.23634004592895508,
            "0_select": 0.026410818099975586,
            "1_rename": 0.026398897171020508,
            "2_join": 0.032267093658447266,
            "3_join": 0.03325676918029785,
            "4_join": 0.0331568717956543,
            "5_aggregate_override": 0.030572891235351562,
            "6_select": 0.028201580047607422
        },
        "create_base_documents": {
            "overall": 0.3474278450012207,
            "0_unroll": 0.030968189239501953,
            "1_select": 0.029540300369262695,
            "2_rename": 0.030930042266845703,
            "3_join": 0.033608198165893555,
            "4_aggregate_override": 0.03155088424682617,
            "5_join": 0.035256147384643555,
            "6_rename": 0.030378103256225586,
            "7_convert": 0.09626364707946777
        },
        "create_final_documents": {
            "overall": 0.0641179084777832,
            "0_rename": 0.03252744674682617
        }
    }
}