{
    "total_runtime": 130.42543506622314,
    "num_documents": 64,
    "input_load_time": 0,
    "workflows": {
        "create_base_text_units": {
            "overall": 2.5872693061828613,
            "0_orderby": 0.0025472640991210938,
            "1_zip": 0.003016233444213867,
            "2_aggregate_override": 0.0056874752044677734,
            "3_chunk": 2.5372486114501953,
            "4_select": 0.0034601688385009766,
            "5_unroll": 0.0047261714935302734,
            "6_rename": 0.0035448074340820312,
            "7_genid": 0.004235267639160156,
            "8_unzip": 0.004471302032470703,
            "9_copy": 0.003821134567260742,
            "10_filter": 0.012348175048828125
        },
        "create_base_extracted_entities": {
            "overall": 0.1919999122619629,
            "0_entity_extract": 0.13266420364379883,
            "1_snapshot": 0.010769844055175781,
            "2_merge_graphs": 0.036720991134643555,
            "3_snapshot_rows": 0.0073261260986328125
        },
        "create_final_covariates": {
            "overall": 0.12053942680358887,
            "0_extract_covariates": 0.06408500671386719,
            "1_window": 0.010090351104736328,
            "2_genid": 0.007334709167480469,
            "3_convert": 0.01644587516784668,
            "4_rename": 0.008812665939331055,
            "5_select": 0.008108139038085938
        },
        "create_summarized_entities": {
            "overall": 3.6773781776428223,
            "0_summarize_descriptions": 3.6531777381896973,
            "1_snapshot_rows": 0.012993097305297852
        },
        "join_text_units_to_covariate_ids": {
            "overall": 0.03627133369445801,
            "0_select": 0.010983943939208984,
            "1_aggregate_override": 0.015169382095336914
        },
        "create_base_entity_graph": {
            "overall": 0.09708452224731445,
            "0_cluster_graph": 0.053101301193237305,
            "1_snapshot_rows": 0.0123291015625,
            "2_snapshot_rows": 0.011144399642944336,
            "3_select": 0.010993242263793945
        },
        "create_final_entities": {
            "overall": 0.28373217582702637,
            "0_unpack_graph": 0.0245211124420166,
            "1_rename": 0.010969161987304688,
            "2_select": 0.011110305786132812,
            "3_dedupe": 0.013836383819580078,
            "4_rename": 0.011434555053710938,
            "5_filter": 0.02679157257080078,
            "6_text_split": 0.012838363647460938,
            "7_drop": 0.012051820755004883,
            "8_merge": 0.02707648277282715,
            "9_text_embed": 0.07942581176757812,
            "10_drop": 0.01332855224609375,
            "11_filter": 0.029959917068481445
        },
        "create_final_nodes": {
            "overall": 0.36330699920654297,
            "0_layout_graph": 0.06064653396606445,
            "1_unpack_graph": 0.04349684715270996,
            "2_unpack_graph": 0.04923534393310547,
            "3_filter": 0.0308682918548584,
            "4_drop": 0.015290498733520508,
            "5_select": 0.022264957427978516,
            "6_snapshot": 0.021740198135375977,
            "7_rename": 0.017240047454833984,
            "8_convert": 0.04648256301879883,
            "9_join": 0.021654367446899414,
            "10_rename": 0.02162790298461914
        },
        "create_final_communities": {
            "overall": 0.42308712005615234,
            "0_unpack_graph": 0.032952070236206055,
            "1_unpack_graph": 0.02987837791442871,
            "2_aggregate_override": 0.018766403198242188,
            "3_join": 0.02977752685546875,
            "4_join": 0.02915167808532715,
            "5_concat": 0.01779770851135254,
            "6_filter": 0.06302142143249512,
            "7_aggregate_override": 0.02834343910217285,
            "8_join": 0.0227358341217041,
            "9_filter": 0.043569326400756836,
            "10_fill": 0.024564743041992188,
            "11_merge": 0.024921894073486328,
            "12_copy": 0.01842355728149414,
            "13_select": 0.01859593391418457
        },
        "join_text_units_to_entity_ids": {
            "overall": 0.13513612747192383,
            "0_select": 0.03229975700378418,
            "1_unroll": 0.03398251533508301,
            "2_aggregate_override": 0.03783583641052246
        },
        "create_final_relationships": {
            "overall": 0.2798140048980713,
            "0_unpack_graph": 0.03417205810546875,
            "1_filter": 0.04439210891723633,
            "2_rename": 0.02083134651184082,
            "3_filter": 0.04772663116455078,
            "4_drop": 0.021518230438232422,
            "5_compute_edge_combined_degree": 0.025475025177001953,
            "6_convert": 0.04394721984863281,
            "7_convert": 0.022008657455444336
        },
        "join_text_units_to_relationship_ids": {
            "overall": 0.1856098175048828,
            "0_select": 0.027663707733154297,
            "1_unroll": 0.03487706184387207,
            "2_aggregate_override": 0.06572365760803223,
            "3_select": 0.0285036563873291
        },
        "create_final_community_reports": {
            "overall": 117.28779196739197,
            "0_prepare_community_reports_nodes": 0.027147769927978516,
            "1_prepare_community_reports_edges": 0.026401996612548828,
            "2_prepare_community_reports_claims": 0.025832176208496094,
            "3_restore_community_hierarchy": 0.028990983963012695,
            "4_prepare_community_reports": 0.1549520492553711,
            "5_create_community_reports": 116.96691966056824,
            "6_window": 0.031443119049072266
        },
        "create_final_text_units": {
            "overall": 0.24642348289489746,
            "0_select": 0.03125905990600586,
            "1_rename": 0.03097844123840332,
            "2_join": 0.03528547286987305,
            "3_join": 0.03418445587158203,
            "4_join": 0.030232906341552734,
            "5_aggregate_override": 0.027447938919067383,
            "6_select": 0.026140689849853516
        },
        "create_base_documents": {
            "overall": 0.32504844665527344,
            "0_unroll": 0.028850078582763672,
            "1_select": 0.027515411376953125,
            "2_rename": 0.02794814109802246,
            "3_join": 0.03286314010620117,
            "4_aggregate_override": 0.03005504608154297,
            "5_join": 0.03279852867126465,
            "6_rename": 0.028237104415893555,
            "7_convert": 0.08503913879394531
        },
        "create_final_documents": {
            "overall": 0.058707475662231445,
            "0_rename": 0.029895782470703125
        }
    }
}