{
    "total_runtime": 1844.0399389266968,
    "num_documents": 64,
    "input_load_time": 0,
    "workflows": {
        "create_base_text_units": {
            "overall": 2.9597437381744385,
            "0_orderby": 0.0035440921783447266,
            "1_zip": 0.004077911376953125,
            "2_aggregate_override": 0.0076024532318115234,
            "3_chunk": 2.883800745010376,
            "4_select": 0.005697011947631836,
            "5_unroll": 0.007411003112792969,
            "6_rename": 0.005539417266845703,
            "7_genid": 0.006689548492431641,
            "8_unzip": 0.006798982620239258,
            "9_copy": 0.006041288375854492,
            "10_filter": 0.01953887939453125
        },
        "create_base_extracted_entities": {
            "overall": 486.74021911621094,
            "0_entity_extract": 486.56733655929565,
            "1_snapshot": 0.08509564399719238,
            "2_merge_graphs": 0.06786918640136719,
            "3_snapshot_rows": 0.011267423629760742
        },
        "create_final_covariates": {
            "overall": 162.05758213996887,
            "0_extract_covariates": 161.97904086112976,
            "1_window": 0.012819290161132812,
            "2_genid": 0.010528326034545898,
            "3_convert": 0.023477554321289062,
            "4_rename": 0.011353254318237305,
            "5_select": 0.010915279388427734
        },
        "create_summarized_entities": {
            "overall": 17.824992418289185,
            "0_summarize_descriptions": 17.735817193984985,
            "1_snapshot_rows": 0.07446932792663574
        },
        "join_text_units_to_covariate_ids": {
            "overall": 0.042070627212524414,
            "0_select": 0.013872861862182617,
            "1_aggregate_override": 0.01713109016418457
        },
        "create_base_entity_graph": {
            "overall": 0.19307708740234375,
            "0_cluster_graph": 0.12741732597351074,
            "1_snapshot_rows": 0.01689004898071289,
            "2_snapshot_rows": 0.017382383346557617,
            "3_select": 0.016768455505371094
        },
        "create_final_entities": {
            "overall": 19.913530111312866,
            "0_unpack_graph": 0.04924488067626953,
            "1_rename": 0.017596006393432617,
            "2_select": 0.01854252815246582,
            "3_dedupe": 0.01885509490966797,
            "4_rename": 0.019142627716064453,
            "5_filter": 0.04225301742553711,
            "6_text_split": 0.02063274383544922,
            "7_drop": 0.01891350746154785,
            "8_merge": 0.05094408988952637,
            "9_text_embed": 19.565834283828735,
            "10_drop": 0.022677183151245117,
            "11_filter": 0.05194902420043945
        },
        "create_final_nodes": {
            "overall": 0.6133091449737549,
            "0_layout_graph": 0.16634154319763184,
            "1_unpack_graph": 0.07924818992614746,
            "2_unpack_graph": 0.06087684631347656,
            "3_drop": 0.024258852005004883,
            "4_filter": 0.05224132537841797,
            "5_select": 0.023005008697509766,
            "6_snapshot": 0.024491071701049805,
            "7_rename": 0.024971485137939453,
            "8_join": 0.033800363540649414,
            "9_convert": 0.07576680183410645,
            "10_rename": 0.025195598602294922
        },
        "create_final_communities": {
            "overall": 0.7536237239837646,
            "0_unpack_graph": 0.057170867919921875,
            "1_unpack_graph": 0.06492996215820312,
            "2_aggregate_override": 0.032837629318237305,
            "3_join": 0.04249906539916992,
            "4_join": 0.041280269622802734,
            "5_concat": 0.03174877166748047,
            "6_filter": 0.1705305576324463,
            "7_aggregate_override": 0.040496110916137695,
            "8_join": 0.03936910629272461,
            "9_filter": 0.06830787658691406,
            "10_fill": 0.031018733978271484,
            "11_merge": 0.043157100677490234,
            "12_copy": 0.03237605094909668,
            "13_select": 0.03321528434753418
        },
        "join_text_units_to_entity_ids": {
            "overall": 0.1339735984802246,
            "0_select": 0.031200647354125977,
            "1_unroll": 0.03325295448303223,
            "2_aggregate_override": 0.0371394157409668
        },
        "create_final_relationships": {
            "overall": 0.4835073947906494,
            "0_unpack_graph": 0.06729912757873535,
            "1_filter": 0.07532310485839844,
            "2_rename": 0.03550529479980469,
            "3_filter": 0.08126425743103027,
            "4_drop": 0.03641819953918457,
            "5_compute_edge_combined_degree": 0.04191875457763672,
            "6_convert": 0.07525038719177246,
            "7_convert": 0.037958621978759766
        },
        "join_text_units_to_relationship_ids": {
            "overall": 0.18218445777893066,
            "0_select": 0.03088545799255371,
            "1_unroll": 0.03171586990356445,
            "2_aggregate_override": 0.04247474670410156,
            "3_select": 0.039899349212646484
        },
        "create_final_community_reports": {
            "overall": 1145.3489248752594,
            "0_prepare_community_reports_nodes": 0.029759883880615234,
            "1_prepare_community_reports_edges": 0.030565977096557617,
            "2_prepare_community_reports_claims": 0.029522418975830078,
            "3_restore_community_hierarchy": 0.033857107162475586,
            "4_prepare_community_reports": 0.2652006149291992,
            "5_create_community_reports": 1144.8947038650513,
            "6_window": 0.03969883918762207
        },
        "create_final_text_units": {
            "overall": 0.3781404495239258,
            "0_select": 0.04148125648498535,
            "1_rename": 0.042376041412353516,
            "2_join": 0.05082273483276367,
            "3_join": 0.05066657066345215,
            "4_join": 0.05236339569091797,
            "5_aggregate_override": 0.048707008361816406,
            "6_select": 0.051650285720825195
        },
        "create_base_documents": {
            "overall": 0.6256537437438965,
            "0_unroll": 0.05639505386352539,
            "1_select": 0.055450439453125,
            "2_rename": 0.05488848686218262,
            "3_join": 0.06351590156555176,
            "4_aggregate_override": 0.06017136573791504,
            "5_join": 0.06169438362121582,
            "6_rename": 0.0535426139831543,
            "7_convert": 0.16755056381225586
        },
        "create_final_documents": {
            "overall": 0.1101377010345459,
            "0_rename": 0.05814361572265625
        }
    }
}