{
    "total_runtime": 34.31867241859436,
    "num_documents": 1,
    "input_load_time": 0,
    "workflows": {
        "create_base_text_units": {
            "overall": 34.12796998023987,
            "0_orderby": 0.002345561981201172,
            "1_zip": 0.0028486251831054688,
            "2_aggregate_override": 0.004731655120849609,
            "3_chunk": 34.07153630256653,
            "4_select": 0.004044294357299805,
            "5_unroll": 0.005543231964111328,
            "6_rename": 0.004200458526611328,
            "7_genid": 0.005127906799316406,
            "8_unzip": 0.005449056625366211,
            "9_copy": 0.004756927490234375,
            "10_filter": 0.015309810638427734
        }
    }
}