{
    "total_runtime": 2080.0807576179504,
    "num_documents": 64,
    "input_load_time": 0,
    "workflows": {
        "create_base_text_units": {
            "overall": 2.5468039512634277,
            "0_orderby": 0.0027251243591308594,
            "1_zip": 0.0030450820922851562,
            "2_aggregate_override": 0.005881309509277344,
            "3_chunk": 2.495652198791504,
            "4_select": 0.0035886764526367188,
            "5_unroll": 0.004729032516479492,
            "6_rename": 0.0035657882690429688,
            "7_genid": 0.004329204559326172,
            "8_unzip": 0.004475831985473633,
            "9_copy": 0.003961801528930664,
            "10_filter": 0.012583494186401367
        },
        "create_base_extracted_entities": {
            "overall": 548.6815683841705,
            "0_entity_extract": 548.6200804710388,
            "1_snapshot": 0.009577274322509766,
            "2_merge_graphs": 0.04002833366394043,
            "3_snapshot_rows": 0.006470441818237305
        },
        "create_final_covariates": {
            "overall": 270.8538634777069,
            "0_extract_covariates": 270.7930793762207,
            "1_window": 0.009398221969604492,
            "2_genid": 0.008747100830078125,
            "3_convert": 0.018212318420410156,
            "4_rename": 0.00931549072265625,
            "5_select": 0.009487390518188477
        },
        "create_summarized_entities": {
            "overall": 23.111999034881592,
            "0_summarize_descriptions": 23.095898389816284,
            "1_snapshot_rows": 0.008845329284667969
        },
        "join_text_units_to_covariate_ids": {
            "overall": 0.04200577735900879,
            "0_select": 0.00872349739074707,
            "1_aggregate_override": 0.025432825088500977
        },
        "create_base_entity_graph": {
            "overall": 0.11639404296875,
            "0_cluster_graph": 0.07626128196716309,
            "1_snapshot_rows": 0.010640382766723633,
            "2_snapshot_rows": 0.010608196258544922,
            "3_select": 0.00994253158569336
        },
        "create_final_entities": {
            "overall": 7.362660646438599,
            "0_unpack_graph": 0.032086849212646484,
            "1_rename": 0.010385751724243164,
            "2_select": 0.010669946670532227,
            "3_dedupe": 0.01103520393371582,
            "4_rename": 0.011008739471435547,
            "5_filter": 0.025425195693969727,
            "6_text_split": 0.014049768447875977,
            "7_drop": 0.011793851852416992,
            "8_merge": 0.039357900619506836,
            "9_text_embed": 7.145705461502075,
            "10_drop": 0.01270604133605957,
            "11_filter": 0.028301477432250977
        },
        "create_final_nodes": {
            "overall": 0.37830233573913574,
            "0_layout_graph": 0.11543059349060059,
            "1_unpack_graph": 0.03826475143432617,
            "2_unpack_graph": 0.03822183609008789,
            "3_filter": 0.035399436950683594,
            "4_drop": 0.01407170295715332,
            "5_select": 0.01417851448059082,
            "6_snapshot": 0.014797210693359375,
            "7_rename": 0.014293432235717773,
            "8_join": 0.020583391189575195,
            "9_convert": 0.04540276527404785,
            "10_rename": 0.01511383056640625
        },
        "create_final_communities": {
            "overall": 0.4098472595214844,
            "0_unpack_graph": 0.037630319595336914,
            "1_unpack_graph": 0.043959856033325195,
            "2_aggregate_override": 0.01946401596069336,
            "3_join": 0.022481918334960938,
            "4_join": 0.022203683853149414,
            "5_concat": 0.016335487365722656,
            "6_filter": 0.06926774978637695,
            "7_aggregate_override": 0.023140907287597656,
            "8_join": 0.021673202514648438,
            "9_filter": 0.03794550895690918,
            "10_fill": 0.01730489730834961,
            "11_merge": 0.026866912841796875,
            "12_copy": 0.0179135799407959,
            "13_select": 0.018265724182128906
        },
        "join_text_units_to_entity_ids": {
            "overall": 0.08177518844604492,
            "0_select": 0.019157886505126953,
            "1_unroll": 0.020882129669189453,
            "2_aggregate_override": 0.022952795028686523
        },
        "create_final_relationships": {
            "overall": 0.34835314750671387,
            "0_unpack_graph": 0.04210376739501953,
            "1_filter": 0.0701756477355957,
            "2_rename": 0.03456425666809082,
            "3_filter": 0.06873130798339844,
            "4_drop": 0.022152185440063477,
            "5_compute_edge_combined_degree": 0.025994062423706055,
            "6_convert": 0.04357433319091797,
            "7_convert": 0.021127700805664062
        },
        "join_text_units_to_relationship_ids": {
            "overall": 0.11804389953613281,
            "0_select": 0.022626638412475586,
            "1_unroll": 0.024161338806152344,
            "2_aggregate_override": 0.026474714279174805,
            "3_select": 0.023044347763061523
        },
        "create_final_community_reports": {
            "overall": 1221.5159151554108,
            "0_prepare_community_reports_nodes": 0.026403188705444336,
            "1_prepare_community_reports_edges": 0.02637171745300293,
            "2_prepare_community_reports_claims": 0.025084257125854492,
            "3_restore_community_hierarchy": 0.0316615104675293,
            "4_prepare_community_reports": 0.24898171424865723,
            "5_create_community_reports": 1221.1081042289734,
            "6_window": 0.026140213012695312
        },
        "create_final_text_units": {
            "overall": 0.24418163299560547,
            "0_select": 0.02504253387451172,
            "1_rename": 0.02514934539794922,
            "2_join": 0.030188798904418945,
            "3_join": 0.030098676681518555,
            "4_join": 0.029809951782226562,
            "5_aggregate_override": 0.037980079650878906,
            "6_select": 0.04105091094970703
        },
        "create_base_documents": {
            "overall": 0.3098175525665283,
            "0_unroll": 0.02781391143798828,
            "1_select": 0.026384592056274414,
            "2_rename": 0.026639223098754883,
            "3_join": 0.030834674835205078,
            "4_aggregate_override": 0.028814077377319336,
            "5_join": 0.03130769729614258,
            "6_rename": 0.027549028396606445,
            "7_convert": 0.08401823043823242
        },
        "create_final_documents": {
            "overall": 0.05706357955932617,
            "0_rename": 0.028403759002685547
        }
    }
}