{
    "total_runtime": 36.89447021484375,
    "num_documents": 1,
    "input_load_time": 0,
    "workflows": {
        "create_base_text_units": {
            "overall": 36.68169713020325,
            "0_orderby": 0.0027942657470703125,
            "1_zip": 0.0031392574310302734,
            "2_aggregate_override": 0.005271196365356445,
            "3_chunk": 36.62861967086792,
            "4_select": 0.003751039505004883,
            "5_unroll": 0.005227088928222656,
            "6_rename": 0.003766775131225586,
            "7_genid": 0.004558563232421875,
            "8_unzip": 0.004716157913208008,
            "9_copy": 0.004143714904785156,
            "10_filter": 0.013377189636230469
        }
    }
}