{
    "total_runtime": 56.551366329193115,
    "num_documents": 1,
    "input_load_time": 0,
    "workflows": {
        "create_base_text_units": {
            "overall": 37.57056379318237,
            "0_orderby": 0.011654853820800781,
            "1_zip": 0.005270719528198242,
            "2_aggregate_override": 0.009208440780639648,
            "3_chunk": 37.49929881095886,
            "4_select": 0.0039327144622802734,
            "5_unroll": 0.0055730342864990234,
            "6_rename": 0.003866910934448242,
            "7_genid": 0.005066871643066406,
            "8_unzip": 0.0049571990966796875,
            "9_copy": 0.004387855529785156,
            "10_filter": 0.01390528678894043
        },
        "create_base_extracted_entities": {
            "overall": 0.1572723388671875,
            "0_entity_extract": 0.11484527587890625,
            "1_snapshot": 0.009960412979125977,
            "2_merge_graphs": 0.016672372817993164,
            "3_snapshot_rows": 0.010055303573608398
        },
        "create_final_covariates": {
            "overall": 0.10835528373718262,
            "0_extract_covariates": 0.031913042068481445,
            "1_window": 0.01136636734008789,
            "2_genid": 0.0110321044921875,
            "3_convert": 0.02364492416381836,
            "4_rename": 0.011855602264404297,
            "5_select": 0.012246370315551758
        },
        "create_summarized_entities": {
            "overall": 0.028630495071411133,
            "0_summarize_descriptions": 0.011764049530029297,
            "1_snapshot_rows": 0.009076356887817383
        },
        "join_text_units_to_covariate_ids": {
            "overall": 0.04972553253173828,
            "0_select": 0.013431787490844727,
            "1_aggregate_override": 0.023401498794555664
        },
        "create_base_entity_graph": {
            "overall": 0.07149195671081543,
            "0_cluster_graph": 0.020830392837524414,
            "1_snapshot_rows": 0.012482404708862305,
            "2_snapshot_rows": 0.014046669006347656,
            "3_select": 0.012878656387329102
        },
        "create_final_entities": {
            "overall": 2.9589710235595703,
            "0_unpack_graph": 0.017621755599975586,
            "1_rename": 0.01185917854309082,
            "2_select": 0.012492895126342773,
            "3_dedupe": 0.01278233528137207,
            "4_rename": 0.01284337043762207,
            "5_filter": 0.02849125862121582,
            "6_text_split": 0.01293802261352539,
            "7_drop": 0.013290882110595703,
            "8_merge": 0.017292499542236328,
            "9_text_embed": 2.7534708976745605,
            "10_drop": 0.014761686325073242,
            "11_filter": 0.03926539421081543
        },
        "create_final_nodes": {
            "overall": 0.3016390800476074,
            "0_layout_graph": 0.017836332321166992,
            "1_unpack_graph": 0.020474672317504883,
            "2_unpack_graph": 0.020816326141357422,
            "3_drop": 0.0222320556640625,
            "4_filter": 0.03289318084716797,
            "5_select": 0.014875650405883789,
            "6_snapshot": 0.018908262252807617,
            "7_rename": 0.020847558975219727,
            "8_join": 0.027621746063232422,
            "9_convert": 0.050255775451660156,
            "10_rename": 0.041596174240112305
        },
        "create_final_communities": {
            "overall": 0.3667924404144287,
            "0_unpack_graph": 0.019416093826293945,
            "1_unpack_graph": 0.018325090408325195,
            "2_aggregate_override": 0.020029544830322266,
            "3_join": 0.024174213409423828,
            "4_join": 0.0313267707824707,
            "5_concat": 0.023494720458984375,
            "6_filter": 0.04388308525085449,
            "7_aggregate_override": 0.02099895477294922,
            "8_join": 0.024506092071533203,
            "9_filter": 0.04183816909790039,
            "10_fill": 0.018906116485595703,
            "11_merge": 0.020093917846679688,
            "12_copy": 0.019086360931396484,
            "13_select": 0.019887208938598633
        },
        "join_text_units_to_entity_ids": {
            "overall": 0.10583734512329102,
            "0_select": 0.020498991012573242,
            "1_unroll": 0.027120351791381836,
            "2_aggregate_override": 0.03808426856994629
        },
        "create_final_relationships": {
            "overall": 0.2948293685913086,
            "0_unpack_graph": 0.022223949432373047,
            "1_filter": 0.045621633529663086,
            "2_rename": 0.021894454956054688,
            "3_filter": 0.04625535011291504,
            "4_drop": 0.022083759307861328,
            "5_compute_edge_combined_degree": 0.0453033447265625,
            "6_convert": 0.04836606979370117,
            "7_convert": 0.0224916934967041
        },
        "join_text_units_to_relationship_ids": {
            "overall": 0.11923980712890625,
            "0_select": 0.023141860961914062,
            "1_unroll": 0.024593353271484375,
            "2_aggregate_override": 0.025392532348632812,
            "3_select": 0.02378392219543457
        },
        "create_final_community_reports": {
            "overall": 9.205028772354126,
            "0_prepare_community_reports_nodes": 0.025599956512451172,
            "1_prepare_community_reports_edges": 0.025664329528808594,
            "2_prepare_community_reports_claims": 0.02635955810546875,
            "3_restore_community_hierarchy": 0.028447628021240234,
            "4_prepare_community_reports": 0.04613661766052246,
            "5_create_community_reports": 8.98589301109314,
            "6_window": 0.04316902160644531
        },
        "create_final_text_units": {
            "overall": 0.2862508296966553,
            "0_select": 0.03209972381591797,
            "1_rename": 0.03199148178100586,
            "2_join": 0.03865194320678711,
            "3_join": 0.03886723518371582,
            "4_join": 0.039420366287231445,
            "5_aggregate_override": 0.03637528419494629,
            "6_select": 0.03531479835510254
        },
        "create_base_documents": {
            "overall": 0.3186614513397217,
            "0_unroll": 0.030025720596313477,
            "1_select": 0.030994892120361328,
            "2_rename": 0.03170514106750488,
            "3_join": 0.03370046615600586,
            "4_aggregate_override": 0.03291821479797363,
            "5_join": 0.03638410568237305,
            "6_rename": 0.029294967651367188,
            "7_convert": 0.06352639198303223
        },
        "create_final_documents": {
            "overall": 0.06583905220031738,
            "0_rename": 0.03370547294616699
        }
    }
}