{
    "total_runtime": 145.8727617263794,
    "num_documents": 64,
    "input_load_time": 0,
    "workflows": {
        "create_base_text_units": {
            "overall": 2.689908742904663,
            "0_orderby": 0.0032243728637695312,
            "1_zip": 0.003525257110595703,
            "2_aggregate_override": 0.006865739822387695,
            "3_chunk": 2.629356622695923,
            "4_select": 0.0041239261627197266,
            "5_unroll": 0.00546717643737793,
            "6_rename": 0.004053831100463867,
            "7_genid": 0.004988193511962891,
            "8_unzip": 0.005242586135864258,
            "9_copy": 0.0045320987701416016,
            "10_filter": 0.016071319580078125
        },
        "create_base_extracted_entities": {
            "overall": 0.19490647315979004,
            "0_entity_extract": 0.13638854026794434,
            "1_snapshot": 0.010227441787719727,
            "2_merge_graphs": 0.03599262237548828,
            "3_snapshot_rows": 0.00788569450378418
        },
        "create_final_covariates": {
            "overall": 0.13231301307678223,
            "0_extract_covariates": 0.07194209098815918,
            "1_window": 0.008689165115356445,
            "2_genid": 0.00839686393737793,
            "3_convert": 0.01790618896484375,
            "4_rename": 0.009016752243041992,
            "5_select": 0.00942373275756836
        },
        "create_summarized_entities": {
            "overall": 5.129582643508911,
            "0_summarize_descriptions": 5.1101861000061035,
            "1_snapshot_rows": 0.008638858795166016
        },
        "join_text_units_to_covariate_ids": {
            "overall": 0.03412508964538574,
            "0_select": 0.010096311569213867,
            "1_aggregate_override": 0.014628410339355469
        },
        "create_base_entity_graph": {
            "overall": 0.10590052604675293,
            "0_cluster_graph": 0.05784010887145996,
            "1_snapshot_rows": 0.012786149978637695,
            "2_snapshot_rows": 0.012964725494384766,
            "3_select": 0.01199793815612793
        },
        "create_final_entities": {
            "overall": 0.3306543827056885,
            "0_unpack_graph": 0.02753472328186035,
            "1_rename": 0.012613296508789062,
            "2_select": 0.012952089309692383,
            "3_dedupe": 0.01330423355102539,
            "4_rename": 0.013185739517211914,
            "5_filter": 0.03082728385925293,
            "6_text_split": 0.015231847763061523,
            "7_drop": 0.014840841293334961,
            "8_merge": 0.03127789497375488,
            "9_text_embed": 0.09776449203491211,
            "10_drop": 0.015264272689819336,
            "11_filter": 0.03397870063781738
        },
        "create_final_nodes": {
            "overall": 0.3579111099243164,
            "0_layout_graph": 0.07123875617980957,
            "1_unpack_graph": 0.03401303291320801,
            "2_unpack_graph": 0.03358101844787598,
            "3_drop": 0.017334699630737305,
            "4_filter": 0.03914475440979004,
            "5_select": 0.018072843551635742,
            "6_snapshot": 0.018486976623535156,
            "7_rename": 0.018380165100097656,
            "8_join": 0.026347637176513672,
            "9_convert": 0.04931378364562988,
            "10_rename": 0.015878677368164062
        },
        "create_final_communities": {
            "overall": 0.48035597801208496,
            "0_unpack_graph": 0.03704476356506348,
            "1_unpack_graph": 0.037688493728637695,
            "2_aggregate_override": 0.02359914779663086,
            "3_join": 0.02882862091064453,
            "4_join": 0.028985261917114258,
            "5_concat": 0.022007465362548828,
            "6_filter": 0.06513810157775879,
            "7_aggregate_override": 0.022566556930541992,
            "8_join": 0.0238187313079834,
            "9_filter": 0.042107582092285156,
            "10_fill": 0.024249553680419922,
            "11_merge": 0.04665255546569824,
            "12_copy": 0.028547048568725586,
            "13_select": 0.02874016761779785
        },
        "join_text_units_to_entity_ids": {
            "overall": 0.09890961647033691,
            "0_select": 0.02337932586669922,
            "1_unroll": 0.024971961975097656,
            "2_aggregate_override": 0.02790093421936035
        },
        "create_final_relationships": {
            "overall": 0.2910950183868408,
            "0_unpack_graph": 0.03363442420959473,
            "1_filter": 0.04464554786682129,
            "2_rename": 0.02256488800048828,
            "3_filter": 0.05140256881713867,
            "4_drop": 0.022669315338134766,
            "5_compute_edge_combined_degree": 0.026970386505126953,
            "6_convert": 0.04566812515258789,
            "7_convert": 0.022630929946899414
        },
        "join_text_units_to_relationship_ids": {
            "overall": 0.12210702896118164,
            "0_select": 0.023604631423950195,
            "1_unroll": 0.025168657302856445,
            "2_aggregate_override": 0.026840925216674805,
            "3_select": 0.023682355880737305
        },
        "create_final_community_reports": {
            "overall": 131.0075318813324,
            "0_prepare_community_reports_nodes": 0.031154155731201172,
            "1_prepare_community_reports_edges": 0.03154492378234863,
            "2_prepare_community_reports_claims": 0.030980825424194336,
            "3_restore_community_hierarchy": 0.03398394584655762,
            "4_prepare_community_reports": 0.16935372352600098,
            "5_create_community_reports": 130.64931631088257,
            "6_window": 0.032399654388427734
        },
        "create_final_text_units": {
            "overall": 0.22832179069519043,
            "0_select": 0.026964426040649414,
            "1_rename": 0.025461912155151367,
            "2_join": 0.030738353729248047,
            "3_join": 0.03138256072998047,
            "4_join": 0.0325474739074707,
            "5_aggregate_override": 0.02905130386352539,
            "6_select": 0.02707695960998535
        },
        "create_base_documents": {
            "overall": 0.3716857433319092,
            "0_unroll": 0.030007123947143555,
            "1_select": 0.029079914093017578,
            "2_rename": 0.029550552368164062,
            "3_join": 0.0362856388092041,
            "4_aggregate_override": 0.0335695743560791,
            "5_join": 0.06600189208984375,
            "6_rename": 0.029459238052368164,
            "7_convert": 0.0889887809753418
        },
        "create_final_documents": {
            "overall": 0.059194087982177734,
            "0_rename": 0.030150175094604492
        }
    }
}